playerId,playerName,club,position,gamesPlayed,goals,totalShots,goalConversionPercentage,shotFromSetPiece,headedGoals,offsides,bigChancesMissed,shotsOnTarget,penaltiesTaken,freeKickGoal,leftFootGoals,penaltyConversion,successfulDribbles,shotsOffTarget,penaltyGoals,goalsFromInsideTheBox,rightFootGoals,setPieceConversion,successfulDribblesPercentage,blockedShots,penaltyWon,goalsFromOutsideTheBox,hitWoodwork,tackles,errorLeadToGoal,cleanSheet,interceptions,errorLeadToShot,penaltyConceded,ownGoals,dribbledPast,clearances,totalPasses,bigChancesCreated,accurateFinalThirdPasses,accurateLongBalls,assists,accuratePassesPercentage,inaccuratePasses,accurateOppositionHalfPasses,accurateCrossesPercentage,saves,savedShotsFromInsideTheBox,punches,crossesNotClaimed,savedShotsFromOutsideTheBox,runsOut,successfulRunsOut,goalsConcededInsideTheBox,penaltyFaced,penaltySave,goalsConcededOutsideTheBox,highClaims,yellowCards,aerialDuelsWon,minutesPlayed,possessionLost,redCards,aerialDuelsWonPercentage,wasFouled,groundDuelsWon,totalDuelsWon,fouls,matchesStarted,groundDuelsWonPercentage,totalDuelsWonPercentage,dispossessed,rating
886773,Rodrigo Fagundes,Criciúma,D,19,1,17,5.88,0,0,1,0,3,0,0,0,0.0,9,11,0,1,1,0.0,69.23,3,0,0,0,21,0,7,26,0,0,0,11,152,851,0,98,67,0,84.37,133,280,0.0,0,0,0,0,0,0,0,15,0,0,2,0,2,72,1695,155,0,64.29,3,33,105,21,19,47.83,58.01,4,7.27
1002459,Henri Santos,CRB,D,19,0,13,0.0,0,0,0,3,3,0,0,0,0.0,0,7,0,0,0,0.0,0.0,3,0,0,0,15,0,6,16,0,1,0,10,115,1247,4,132,90,1,86.53,168,340,10.0,0,0,0,0,0,0,0,14,0,0,4,0,2,59,1710,192,0,76.62,6,20,79,13,19,47.62,66.39,1,7.19
846362,Walter Clar,Chapecoense,D,19,3,14,21.43,0,0,3,2,7,1,0,2,100.0,18,2,1,3,1,0.0,75.0,5,0,0,0,18,0,5,19,0,0,0,8,67,595,5,106,32,0,76.3,141,245,17.19,0,0,0,0,0,0,0,16,0,0,0,0,1,30,1681,247,0,61.22,7,43,73,13,19,58.11,59.35,6,7.16
338827,Lucão,América Mineiro,D,19,0,5,0.0,0,0,0,0,2,0,0,0,0.0,4,2,0,0,0,0.0,100.0,1,0,0,0,14,1,3,14,1,0,0,4,115,1236,0,136,99,0,89.89,125,393,0.0,0,0,0,0,0,0,0,22,0,0,4,0,1,52,1710,134,0,65.0,10,28,80,6,19,73.68,67.8,0,7.05
870753,Sanchez Costa,Volta Redonda,D,19,1,33,3.03,1,0,1,1,8,0,0,1,0.0,16,17,0,1,0,0.0,48.48,8,0,0,1,16,0,6,20,0,0,0,4,44,651,2,117,27,1,78.49,140,280,28.26,0,0,0,0,0,0,0,16,0,0,4,0,3,34,1669,317,0,65.38,11,42,76,18,19,47.19,53.9,9,6.99
794878,Matheus Ribeiro,CRB,D,19,0,12,0.0,0,0,0,1,3,0,0,0,0.0,13,3,0,0,0,0.0,65.0,6,0,0,0,29,0,4,12,0,0,0,15,49,674,2,126,43,1,87.39,85,288,24.56,0,0,0,0,0,0,0,13,0,0,4,0,0,7,1533,163,0,41.18,10,51,58,15,17,52.58,50.88,9,6.96
870696,Fabiano,Amazonas FC,D,19,0,8,0.0,0,0,0,0,3,0,0,0,0.0,2,4,0,0,0,0.0,40.0,1,0,0,0,44,0,4,25,1,0,0,6,93,708,0,91,43,0,77.97,156,257,14.29,0,0,0,0,0,0,0,21,0,0,4,0,3,38,1681,203,0,60.32,11,57,95,14,19,68.67,65.07,3,6.92
360940,Léo,Athletico,D,19,1,3,33.33,0,1,1,0,1,0,0,0,0.0,1,2,0,1,0,0.0,50.0,0,0,0,0,24,0,3,19,0,0,0,0,92,945,1,75,55,0,89.95,95,284,0.0,0,0,0,0,0,0,0,25,0,0,1,0,2,32,1697,107,0,59.26,5,30,62,22,18,56.6,57.94,0,6.92
870933,Marlon Lopes,América Mineiro,D,18,1,13,7.69,0,0,0,0,3,0,0,0,0.0,7,5,0,1,1,0.0,43.75,5,0,0,1,42,0,3,23,0,1,1,11,31,736,3,175,36,0,82.74,127,371,29.51,0,0,0,0,0,0,0,21,0,0,3,0,3,19,1512,223,0,59.38,22,71,90,8,17,65.74,64.29,11,7.14
866775,Eduardo Brock,Avaí,D,18,0,4,0.0,2,0,0,0,0,0,0,0,0.0,5,3,0,0,0,0.0,83.33,1,0,0,0,32,0,7,23,2,1,0,10,113,994,0,125,118,0,78.97,209,313,16.67,0,0,0,0,0,0,0,15,0,0,3,0,3,39,1620,237,0,73.58,1,38,77,11,18,62.3,67.54,2,7.08
870851,Bruno Melo,Coritiba,D,18,1,9,11.11,0,0,1,1,3,0,0,1,0.0,1,2,0,1,0,0.0,50.0,4,0,0,0,13,0,8,14,1,1,0,3,66,908,0,79,50,0,89.87,92,243,36.36,0,0,0,0,0,0,0,10,0,0,2,0,3,34,1526,118,0,69.39,5,19,53,9,18,61.29,66.25,0,6.94
312072,Sidimar,Athletic Club,D,18,1,5,20.0,0,1,1,0,1,0,0,0,0.0,0,3,0,1,0,0.0,0.0,1,0,0,0,16,0,3,8,0,0,0,3,101,772,0,21,46,0,88.08,92,190,0.0,0,0,0,0,0,0,0,17,0,0,6,0,3,55,1579,103,0,73.33,11,27,82,15,17,57.45,67.21,2,6.92
869620,Gabriel Risso Patrón,Botafogo-SP,D,18,0,3,0.0,0,0,0,0,1,0,0,0,0.0,4,2,0,0,0,0.0,44.44,0,1,0,0,13,0,2,18,0,0,0,7,24,605,3,122,29,1,82.64,105,313,25.93,0,0,0,0,0,0,0,17,0,0,3,0,1,4,1401,224,0,30.77,5,22,26,6,17,50.0,45.61,4,6.88
358526,Jeferson,Botafogo-SP,D,18,0,2,0.0,0,0,2,0,1,0,0,0,0.0,1,1,0,0,0,0.0,16.67,0,0,0,0,24,1,3,9,0,0,0,6,59,652,2,115,28,0,82.21,116,294,27.27,0,0,0,0,0,0,0,20,0,0,4,0,3,26,1428,258,0,49.06,11,34,60,7,17,62.96,56.07,2,6.85
876202,Elias Lira Nogueira Júnior,Vila Nova FC,D,18,0,13,0.0,0,0,0,0,3,0,0,0,0.0,11,5,0,0,0,0.0,44.0,5,0,0,0,30,0,4,21,0,0,0,4,46,468,1,88,12,0,66.45,157,197,22.81,0,0,0,0,0,0,0,10,0,0,6,0,2,36,1532,333,1,47.37,16,56,92,23,18,53.33,50.83,9,6.83
973857,Maílton,Chapecoense,D,17,5,40,12.5,9,0,0,0,10,0,2,0,0.0,37,20,0,3,5,22.22,54.41,10,0,2,1,21,0,0,25,0,1,0,14,26,406,5,68,34,3,67.73,131,156,23.08,0,0,0,0,0,0,0,14,0,0,0,0,3,8,1412,330,0,38.1,27,85,93,11,17,55.92,53.76,13,7.28
1111658,Douglas Pele,Athletic Club,D,17,1,21,4.76,4,0,1,0,4,1,0,0,100.0,21,8,1,1,1,0.0,55.26,9,1,0,0,22,0,3,18,0,0,0,13,39,610,4,136,29,3,80.16,121,290,32.0,0,0,0,0,0,0,0,13,0,0,2,0,2,15,1345,272,0,34.88,25,68,83,15,14,55.28,50.0,11,7.05
975380,Gabriel,Volta Redonda,D,17,1,10,10.0,0,0,0,1,2,0,0,1,0.0,3,5,0,1,0,0.0,100.0,3,0,0,0,32,0,5,9,0,1,0,14,85,871,1,81,70,0,87.26,111,283,33.33,0,0,0,0,0,0,0,14,0,0,4,0,3,48,1351,123,0,65.75,15,49,97,20,16,59.04,62.18,3,7.04
867913,João Paulo,Chapecoense,D,17,1,9,11.11,0,0,4,1,4,0,0,0,0.0,4,4,0,1,1,0.0,66.67,1,0,0,0,16,1,2,20,0,0,0,2,94,750,1,56,54,0,81.6,138,200,0.0,0,0,0,0,0,0,0,15,0,0,0,0,6,53,1337,157,0,76.81,4,24,77,24,17,46.15,63.64,2,7.02
845110,Luciano Castan,Criciúma,D,17,0,7,0.0,0,0,1,2,2,0,0,0,0.0,4,2,0,0,0,0.0,57.14,3,0,0,0,15,0,5,23,0,0,0,2,106,857,0,98,63,0,82.03,154,278,0.0,0,0,0,0,0,0,0,14,0,0,2,0,7,46,1520,173,0,60.53,8,27,73,33,17,43.55,52.9,2,7.02
1085865,Lucas Rodrigues,Ferroviária,D,17,0,15,0.0,4,0,1,0,2,0,0,0,0.0,8,5,0,0,0,0.0,47.06,8,0,0,0,37,0,2,8,0,0,0,15,64,630,0,144,24,0,80.79,121,295,24.71,0,0,0,0,0,0,0,18,0,0,2,0,6,31,1477,264,0,58.49,10,53,84,20,17,51.46,53.85,7,6.99
865380,Reverson,Paysandu SC,D,17,1,10,10.0,3,0,1,0,3,0,0,1,0.0,7,5,0,1,0,0.0,58.33,2,0,0,0,25,0,3,6,0,0,0,13,49,442,2,96,26,4,80.54,86,208,35.14,0,0,0,0,0,0,0,13,0,0,4,0,1,14,1260,185,0,51.85,10,42,56,16,13,50.0,50.45,8,6.99
929687,Willian Formiga,Vila Nova FC,D,17,0,11,0.0,0,0,0,0,3,0,0,0,0.0,1,3,0,0,0,0.0,14.29,5,0,0,1,27,0,6,16,1,0,0,13,59,522,2,88,19,0,78.35,113,219,26.32,0,0,0,0,0,0,0,10,0,0,6,0,5,43,1501,208,0,61.43,26,54,97,36,17,46.15,51.87,9,6.98
555454,Zeca,Coritiba,D,17,0,5,0.0,1,0,1,0,1,0,0,0,0.0,7,2,0,0,0,0.0,70.0,2,0,0,0,14,0,10,12,1,0,0,4,20,741,1,110,49,1,86.37,101,270,26.79,0,0,0,0,0,0,0,7,0,0,2,0,4,10,1391,192,0,43.48,8,28,38,11,16,54.9,51.35,5,6.94
1148340,Patrick,Novorizontino,D,17,0,12,0.0,0,0,0,1,4,0,0,0,0.0,4,3,0,0,0,0.0,57.14,5,0,0,0,21,0,6,15,0,0,0,3,78,887,0,100,33,0,85.34,130,309,37.5,0,0,0,0,0,0,0,12,0,0,3,0,6,46,1485,164,0,63.01,7,32,78,25,16,47.76,55.71,6,6.94
942054,Marcos Vinícius,Avaí,D,17,0,9,0.0,0,0,6,0,3,0,0,0,0.0,10,4,0,0,0,0.0,45.45,2,0,0,1,24,0,3,17,1,1,0,12,75,534,2,106,27,1,73.97,139,221,26.83,0,0,0,0,0,0,0,13,0,0,2,0,5,28,1405,244,0,63.64,16,48,76,21,17,50.0,54.29,4,6.85
981442,Joseph,Operário-PR,D,17,0,6,0.0,0,0,0,0,0,0,0,0,0.0,2,3,0,0,0,0.0,66.67,3,0,0,0,20,0,5,10,1,0,1,5,81,870,0,77,39,0,88.05,104,273,0.0,0,0,0,0,0,0,0,17,0,0,2,0,8,35,1517,124,0,57.38,8,30,65,21,17,50.85,54.17,2,6.81
1107069,Mateusinho,Cuiabá,D,16,3,22,13.64,11,0,3,0,6,0,2,1,0.0,22,12,0,1,2,18.18,61.11,4,1,2,0,28,0,4,19,0,0,0,9,55,548,6,119,34,2,76.28,130,273,30.0,0,0,0,0,0,0,0,15,0,0,1,0,3,36,1392,309,0,65.45,28,77,113,26,16,59.69,61.41,4,7.54
1117597,Alix Vinicius,Atlético Goianiense,D,16,2,13,15.38,0,2,0,1,5,0,0,0,0.0,11,6,0,2,0,0.0,73.33,2,0,0,0,26,0,5,47,1,0,0,9,107,704,0,74,63,0,80.26,139,252,0.0,0,0,0,0,0,0,0,14,0,0,1,0,3,63,1395,167,0,72.41,9,45,108,20,16,55.56,64.29,3,7.36
1463925,Gabriel Feliciano,Operário-PR,D,16,0,8,0.0,0,0,1,0,2,0,0,0,0.0,20,3,0,0,0,0.0,66.67,3,0,0,0,42,0,3,12,0,1,0,10,49,581,4,112,24,2,76.42,137,249,23.36,0,0,0,0,0,0,0,12,0,0,2,0,2,17,1078,266,0,73.91,6,68,85,10,11,68.0,69.11,4,7.16
827141,Luis Segovia,CRB,D,16,1,9,11.11,0,0,0,0,2,0,0,1,0.0,0,7,0,1,0,0.0,0.0,0,0,0,0,13,0,5,10,1,1,0,8,86,970,0,111,53,0,92.06,77,308,42.86,0,0,0,0,0,0,0,10,0,0,4,0,1,29,1315,89,0,54.72,2,15,44,11,14,42.86,50.0,1,7.14
1650429,Tiago Pagnussat,Vila Nova FC,D,16,0,18,0.0,0,0,0,1,6,0,0,0,0.0,4,11,0,0,0,0.0,80.0,1,0,0,0,15,0,4,15,0,1,0,5,106,554,0,50,53,0,76.53,130,153,0.0,0,0,0,0,0,0,0,7,0,0,4,0,3,67,1246,141,1,78.82,6,25,92,14,16,56.82,71.32,0,7.08
1468270,Diego Caito,Goiás,D,16,1,18,5.56,0,0,1,0,2,0,0,1,0.0,13,10,0,0,0,0.0,39.39,6,0,1,0,20,0,4,8,0,0,0,9,44,420,0,101,18,1,71.43,120,206,25.93,0,0,0,0,0,0,0,10,0,0,1,0,3,22,1233,258,0,55.0,17,50,72,21,15,47.62,49.66,9,7.02
1465499,Rodrigo Gelado,Athletic Club,D,16,0,13,0.0,0,0,1,0,4,0,0,0,0.0,7,4,0,0,0,0.0,46.67,5,0,0,0,18,0,2,16,0,0,1,10,72,616,2,124,29,0,80.52,120,264,29.73,0,0,0,0,0,0,0,14,0,0,4,0,3,32,1330,222,0,56.14,6,31,63,15,14,46.97,51.22,2,7.01
863292,Victor Caetano,Chapecoense,D,16,0,4,0.0,0,0,0,0,0,0,0,0,0.0,3,4,0,0,0,0.0,75.0,0,0,0,0,13,0,5,13,0,0,0,2,97,567,1,41,46,0,79.19,118,135,0.0,0,0,0,0,0,0,0,10,0,0,0,0,2,41,1376,130,1,60.29,6,22,63,16,16,55.0,58.33,0,6.86
914471,Ericson da Silva,Botafogo-SP,D,16,0,5,0.0,0,0,0,1,0,0,0,0,0.0,2,2,0,0,0,0.0,66.67,3,0,0,0,10,0,5,8,0,1,0,3,72,699,0,46,34,0,89.13,76,200,0.0,0,0,0,0,0,0,0,16,0,0,4,0,1,42,1218,88,0,62.69,6,18,60,8,13,60.0,61.86,2,6.84
1185832,Júlio César,América Mineiro,D,16,1,7,14.29,0,1,0,0,3,0,0,0,0.0,4,2,0,1,0,0.0,50.0,2,0,0,0,14,0,1,7,0,0,0,8,43,644,2,77,32,0,84.16,102,211,33.33,0,0,0,0,0,0,0,15,0,0,3,0,2,26,1164,143,0,50.0,11,29,55,15,13,49.15,49.55,4,6.75
40076,Mariano,América Mineiro,D,16,0,0,0.0,0,0,0,0,0,0,0,0,0.0,5,0,0,0,0,0.0,62.5,0,0,0,0,29,0,1,14,1,1,0,16,30,710,2,156,52,1,77.04,163,336,35.21,0,0,0,0,0,0,0,18,0,0,3,0,5,6,1208,243,0,46.15,4,37,43,20,13,46.84,46.74,3,6.66
789084,Jonathan Costa,Avaí,D,15,0,7,0.0,0,0,0,2,3,0,0,0,0.0,6,3,0,0,0,0.0,60.0,1,0,0,0,20,0,5,19,1,0,0,3,86,723,2,54,53,0,87.0,94,218,100.0,0,0,0,0,0,0,0,11,0,0,3,0,3,47,1271,117,1,67.14,15,41,88,18,15,60.29,63.77,3,7.17
868076,Willean Lepo,Goiás,D,15,0,14,0.0,1,0,4,3,6,0,0,0,0.0,23,4,0,0,0,0.0,45.1,4,0,0,0,26,0,6,17,0,0,0,14,51,523,2,167,10,1,79.16,109,298,24.0,0,0,0,0,0,0,0,8,0,0,1,0,4,20,1234,289,0,39.22,12,61,81,13,14,46.21,44.26,17,7.05
877470,Reynaldo,Remo,D,15,2,5,40.0,0,1,0,0,2,0,0,0,0.0,1,3,0,2,1,0.0,50.0,0,0,0,0,18,0,4,11,1,0,0,5,97,589,0,60,29,0,85.23,87,186,0.0,0,0,0,0,0,0,0,10,0,0,2,0,4,30,1179,96,0,54.55,6,25,55,18,14,50.0,52.38,2,7.03
373740,Alan Empereur,Cuiabá,D,15,1,16,6.25,0,1,1,5,3,0,0,0,0.0,2,8,0,1,0,0.0,100.0,5,0,0,0,8,0,5,11,1,0,0,4,67,916,0,119,68,0,87.77,112,299,18.18,0,0,0,0,0,0,0,15,0,0,2,0,3,23,1279,129,0,52.27,6,16,39,10,15,51.61,52.0,1,6.93
1087079,Lucas Esquivel,Athletico,D,14,0,14,0.0,1,0,0,0,5,0,0,0,0.0,12,5,0,0,0,0.0,54.55,4,0,0,1,24,1,2,21,0,0,0,10,52,696,2,133,52,4,79.74,141,329,32.05,0,0,0,0,0,0,0,15,0,0,0,0,1,15,1160,284,1,68.18,12,47,62,18,13,50.54,53.91,8,7.24
1487513,Gabriel Bahia,Volta Redonda,D,14,1,15,6.67,0,1,1,0,3,0,0,0,0.0,1,6,0,1,0,0.0,50.0,6,0,0,0,10,0,6,11,1,0,0,3,77,787,0,46,37,0,91.87,64,204,50.0,0,0,0,0,0,0,0,9,0,0,1,0,3,40,1196,72,0,61.54,7,18,58,9,14,54.55,59.18,3,7.22
335187,Alex Silva,Coritiba,D,14,2,21,9.52,0,1,1,1,4,0,0,0,0.0,13,11,0,2,1,0.0,44.83,6,0,0,1,26,0,6,16,1,0,0,8,59,516,1,56,19,2,76.94,119,149,11.54,0,0,0,0,0,0,0,8,0,0,2,0,2,40,1200,253,1,55.56,26,65,105,16,13,56.03,55.85,12,7.17
1017000,Gustavo Medina,Ferroviária,D,14,1,4,25.0,0,1,0,1,1,0,0,0,0.0,7,3,0,1,0,0.0,58.33,0,0,0,0,24,0,4,13,2,2,0,6,88,635,0,66,56,0,80.94,121,179,14.29,0,0,0,0,0,0,0,14,0,0,0,0,4,32,1200,139,1,64.0,7,37,69,18,14,56.06,59.48,1,7.1
839765,Messias,Goiás,D,14,1,9,11.11,0,1,0,0,1,0,0,0,0.0,0,7,0,1,0,0.0,0.0,1,0,0,0,19,0,6,12,0,1,0,6,111,457,0,36,15,0,81.62,84,128,0.0,0,0,0,0,0,0,0,8,0,0,1,0,3,52,1220,88,0,72.22,2,21,73,23,14,42.0,59.84,1,7.06
986064,Luan Freitas,Paysandu SC,D,14,0,6,0.0,0,0,1,0,1,0,0,0,0.0,1,4,0,0,0,0.0,50.0,1,0,0,0,18,1,5,11,0,0,0,7,94,443,0,42,40,0,83.07,75,134,40.0,0,0,0,0,0,0,0,9,0,0,2,0,3,25,1163,95,0,58.14,1,19,44,17,12,40.43,48.89,3,7.04
840148,Marcinho,Criciúma,D,14,2,20,10.0,2,0,0,0,5,0,0,0,0.0,11,8,0,1,2,0.0,64.71,7,0,1,1,12,0,5,12,1,0,0,11,37,477,3,97,31,2,77.57,107,215,22.89,0,0,0,0,0,0,0,7,0,0,1,0,2,11,1100,238,1,45.83,2,25,36,24,13,33.78,36.73,8,7.03
840280,Bruno Leonardo,Chapecoense,D,14,0,5,0.0,0,0,0,0,1,0,0,0,0.0,1,4,0,0,0,0.0,33.33,0,0,0,0,13,0,2,17,0,1,1,3,98,572,0,31,27,0,88.29,67,106,0.0,0,0,0,0,0,0,0,12,0,0,0,0,1,33,1200,82,0,58.93,2,16,49,20,14,39.02,50.52,2,6.96
986868,Marcelinho,Remo,D,14,1,9,11.11,0,1,4,0,4,0,0,0,0.0,4,3,0,1,0,0.0,36.36,2,0,0,0,8,0,2,12,2,0,0,6,32,370,2,71,16,1,79.19,77,170,21.05,0,0,0,0,0,0,0,4,0,0,1,0,5,20,1058,152,0,58.82,19,31,51,10,14,51.67,54.26,6,6.89
1185449,Jhonny,Volta Redonda,D,14,0,8,0.0,0,0,1,0,0,0,0,0,0.0,5,6,0,0,0,0.0,55.56,2,0,0,2,12,0,1,17,0,0,0,8,23,355,2,77,11,1,85.92,50,191,31.08,0,0,0,0,0,0,0,9,0,0,3,0,0,6,983,140,0,26.09,8,25,31,23,11,40.32,36.47,2,6.88
807767,Hayner,CRB,D,14,0,5,0.0,0,0,3,0,1,0,0,0,0.0,5,2,0,0,0,0.0,35.71,2,0,0,0,8,1,1,5,1,0,0,0,22,242,1,54,8,0,81.82,44,120,21.43,0,0,0,0,0,0,0,5,0,0,0,0,4,5,657,111,0,33.33,11,24,29,11,6,53.33,48.33,2,6.75
44691,Maicon,Coritiba,D,13,1,4,25.0,0,1,1,0,1,0,0,0,0.0,0,2,0,1,0,0.0,0.0,1,0,0,0,5,0,8,7,1,0,0,1,71,545,1,19,62,1,86.97,71,102,0.0,0,0,0,0,0,0,0,3,0,0,1,0,5,34,1091,79,0,61.82,2,7,41,7,11,50.0,59.42,0,7.24
804765,Rodrigo Soares,Novorizontino,D,13,0,17,0.0,1,0,0,0,4,0,0,0,0.0,13,7,0,0,0,0.0,81.25,6,0,0,0,13,0,1,7,0,0,0,3,31,565,1,160,29,0,87.61,70,303,34.29,0,0,0,0,0,0,0,8,0,0,1,0,1,4,1046,153,0,28.57,5,31,35,8,12,62.0,54.69,5,7.23
866721,William Klaus,Remo,D,13,0,1,0.0,0,0,1,0,0,0,0,0,0.0,0,1,0,0,0,0.0,0.0,0,0,0,0,10,0,4,19,0,0,0,1,74,541,0,22,30,0,91.5,46,103,0.0,0,0,0,0,0,0,0,6,0,0,2,0,1,16,1086,50,0,51.61,2,12,28,11,13,50.0,50.91,0,7.09
1640518,Eric,Ferroviária,D,13,0,5,0.0,0,0,2,1,2,0,0,0,0.0,1,2,0,0,0,0.0,11.11,1,0,0,1,15,0,3,19,1,0,0,5,56,372,2,45,19,1,83.6,61,134,35.29,0,0,0,0,0,0,0,6,0,0,2,0,4,19,859,122,0,65.52,25,41,60,11,10,59.42,61.22,4,6.99
985888,Weverton,CRB,D,13,0,4,0.0,0,0,0,0,1,0,0,0,0.0,6,2,0,0,0,0.0,40.0,1,0,0,1,15,0,3,4,1,0,0,6,34,480,2,125,19,0,89.17,52,248,19.05,0,0,0,0,0,0,0,8,0,0,4,0,2,4,960,134,0,50.0,6,27,31,4,12,54.0,53.45,4,6.95
1122967,Eduardo Doma,Chapecoense,D,13,0,3,0.0,0,0,0,0,1,0,0,0,0.0,0,1,0,0,0,0.0,0.0,1,0,0,0,9,0,3,9,0,0,0,3,70,476,1,30,32,0,85.29,70,106,0.0,0,0,0,0,0,0,0,9,0,0,0,0,1,23,904,73,0,63.89,1,10,33,10,8,41.67,55.0,1,6.95
1110173,Matheus Felipe,Atlético Goianiense,D,13,1,4,25.0,0,0,0,0,3,0,0,1,0.0,3,1,0,1,0,0.0,75.0,0,0,0,0,11,0,2,8,0,1,0,4,45,496,0,68,44,0,88.31,58,190,50.0,0,0,0,0,0,0,0,14,0,0,2,0,3,26,1013,71,1,68.42,3,17,43,13,10,48.57,58.9,1,6.94
882748,Bryan Borges,Paysandu SC,D,13,0,12,0.0,2,0,1,0,1,0,0,0,0.0,13,3,0,0,0,0.0,65.0,8,0,0,1,23,1,1,4,0,0,0,8,44,288,0,46,14,0,75.0,72,120,39.53,0,0,0,0,0,0,0,9,0,0,3,0,2,12,892,170,0,37.5,7,43,55,9,10,55.84,50.46,11,6.9
1476558,Dantas,Novorizontino,D,13,0,6,0.0,0,0,0,1,0,0,0,0,0.0,5,3,0,0,0,0.0,71.43,3,0,0,0,19,0,5,15,1,0,0,4,55,595,0,44,31,0,86.72,79,152,0.0,0,0,0,0,0,0,0,7,0,0,3,0,4,18,1057,84,1,58.06,9,33,51,17,13,58.93,58.62,1,6.9
883908,Guilherme Romão,Atlético Goianiense,D,13,0,14,0.0,0,0,1,2,3,0,0,0,0.0,9,8,0,0,0,0.0,56.25,3,0,0,1,6,1,2,9,1,0,0,4,36,393,2,109,19,0,79.39,81,220,30.43,0,0,0,0,0,0,0,11,0,0,1,0,4,24,1025,170,0,50.0,20,35,59,12,11,50.72,50.43,11,6.85
1167540,Habraão,Athletico,D,13,0,11,0.0,0,0,0,0,2,0,0,0,0.0,2,7,0,0,0,0.0,33.33,2,0,0,1,10,0,2,20,0,0,0,7,99,570,2,52,29,0,84.91,86,160,25.0,0,0,0,0,0,0,0,12,0,0,1,0,2,57,1010,107,1,71.25,12,23,80,16,13,46.0,61.54,1,6.85
1463340,Rafael Henrique Milhorim,Botafogo-SP,D,13,0,4,0.0,0,0,2,0,3,0,0,0,0.0,1,0,0,0,0,0.0,50.0,1,0,0,0,21,0,1,14,1,0,0,7,84,466,0,28,38,0,81.33,87,124,0.0,0,0,0,0,0,0,0,15,0,0,0,0,4,24,989,96,1,61.54,5,27,51,14,12,56.25,58.62,0,6.79
84883,Ronaldo Alves,Ferroviária,D,13,0,2,0.0,0,0,0,0,0,0,0,0,0.0,1,0,0,0,0,0.0,100.0,2,0,0,0,12,0,3,7,1,0,0,3,67,567,0,31,33,0,86.77,75,104,0.0,0,0,0,0,0,0,0,12,0,0,2,0,5,22,1125,85,1,61.11,2,15,37,9,13,53.57,57.81,1,6.7
783490,Marcelo Hermes,Criciúma,D,12,2,19,10.53,2,1,0,2,8,1,1,1,0.0,4,7,0,1,0,50.0,50.0,4,0,1,0,23,0,4,16,0,0,0,7,25,479,4,120,28,2,72.65,131,241,22.33,0,0,0,0,0,0,0,11,0,0,1,0,2,22,1080,252,0,61.11,12,38,60,8,12,61.29,61.22,6,7.52
866369,Sávio,Remo,D,12,1,15,6.67,7,0,0,0,4,0,0,1,0.0,3,6,0,1,0,0.0,30.0,5,0,0,2,8,0,2,5,0,0,0,6,16,520,3,106,32,2,82.31,92,226,17.57,0,0,0,0,0,0,0,9,0,0,2,0,0,8,1035,195,0,53.33,17,28,36,3,12,58.33,57.14,4,7.21
1017590,Bernardo Schappo,Vila Nova FC,D,12,1,12,8.33,0,1,0,1,7,0,0,0,0.0,2,5,0,1,0,0.0,66.67,0,0,0,0,19,0,4,17,0,1,0,4,72,524,0,49,39,0,78.63,112,142,0.0,0,0,0,0,0,0,0,9,0,0,4,0,0,44,1068,123,1,69.84,4,24,68,9,12,60.0,66.02,2,7.12
1126701,Nathan Cardoso,Cuiabá,D,12,0,3,0.0,0,0,0,0,0,0,0,0,0.0,3,0,0,0,0,0.0,60.0,3,0,0,0,8,0,2,22,0,0,0,6,76,506,1,41,29,1,85.18,75,150,66.67,0,0,0,0,0,0,0,9,0,0,2,0,1,40,893,89,0,68.97,10,20,60,9,10,57.14,64.52,0,7.08
1009030,Igor Formiga,Novorizontino,D,12,0,7,0.0,0,0,0,1,3,0,0,0,0.0,14,3,0,0,0,0.0,73.68,1,0,0,0,11,0,3,9,1,0,0,12,24,274,1,55,5,0,77.37,62,126,23.33,0,0,0,0,0,0,0,3,0,0,0,0,1,13,594,120,0,50.0,6,31,44,5,6,53.45,52.38,6,7.03
795014,Sander,Cuiabá,D,12,0,5,0.0,2,0,0,0,0,0,0,0,0.0,1,3,0,0,0,0.0,12.5,2,0,0,1,21,0,3,5,0,0,0,6,33,385,1,68,12,1,81.3,72,177,23.26,0,0,0,0,0,0,0,9,0,0,2,0,1,16,988,149,0,51.61,14,36,52,13,11,55.38,54.17,4,6.86
841808,Marcelo Benevenuto,Criciúma,D,12,0,3,0.0,0,0,0,0,1,0,0,0,0.0,1,1,0,0,0,0.0,33.33,1,0,0,0,13,0,2,10,0,0,1,4,45,282,0,21,14,0,84.75,43,81,0.0,0,0,0,0,0,0,0,6,0,0,1,0,3,20,698,57,0,71.43,2,16,36,12,8,47.06,58.06,1,6.81
2057367,Kauã Moraes,Athletico,D,12,0,12,0.0,0,0,0,1,2,0,0,0,0.0,4,6,0,0,0,0.0,26.67,4,0,0,0,22,0,1,11,0,0,0,3,12,387,1,72,18,1,75.45,95,174,28.3,0,0,0,0,0,0,0,12,0,0,0,0,1,8,965,196,0,47.06,16,41,49,16,11,50.62,50.0,11,6.8
355810,Mário Sergio,Avaí,D,12,0,3,0.0,0,0,2,0,1,0,0,0,0.0,7,2,0,0,0,0.0,70.0,0,0,0,0,25,0,3,22,0,0,0,11,35,350,0,48,8,0,73.43,93,132,0.0,0,0,0,0,0,0,0,8,0,0,3,0,0,18,856,168,1,58.06,6,37,55,6,12,57.81,57.89,7,6.78
553652,Diogo Mateus,Operário-PR,D,12,0,2,0.0,0,0,0,0,0,0,0,0,0.0,3,0,0,0,0,0.0,100.0,2,0,0,1,9,0,1,7,0,0,0,5,13,351,1,72,13,0,80.91,67,168,36.84,0,0,0,0,0,0,0,8,0,0,1,0,2,2,716,114,0,20.0,5,17,19,14,9,45.95,40.43,3,6.7
1119305,Leonardo Ataíde,Cuiabá,D,12,0,1,0.0,0,0,1,0,0,0,0,0,0.0,0,0,0,0,0,0.0,0.0,1,0,0,0,11,0,0,4,0,0,0,2,17,144,0,23,5,0,76.39,34,49,20.0,0,0,0,0,0,0,0,8,0,0,2,0,0,13,559,71,0,61.9,2,13,26,5,6,52.0,56.52,3,6.49
551810,Bruno Alves,Cuiabá,D,11,1,3,33.33,0,0,0,0,2,0,0,0,0.0,1,0,0,1,1,0.0,33.33,1,1,0,0,10,0,2,7,0,0,0,5,67,353,1,32,27,1,86.4,48,102,0.0,0,0,0,0,0,0,0,9,0,0,1,0,3,25,847,54,0,65.79,5,16,41,11,9,44.44,55.41,2,6.98
599700,Ricardo Silva,América Mineiro,D,11,0,1,0.0,0,0,0,0,0,0,0,0,0.0,1,1,0,0,0,0.0,50.0,0,0,0,0,10,0,2,7,0,0,1,2,57,582,0,30,41,0,85.05,87,151,0.0,0,0,0,0,0,0,0,12,0,0,2,0,2,31,939,97,0,58.49,3,14,45,7,11,66.67,60.81,0,6.92
931759,Camutanga,Remo,D,11,0,3,0.0,0,0,0,1,0,0,0,0,0.0,0,3,0,0,0,0.0,0.0,0,0,0,0,12,0,0,9,0,0,0,3,49,331,0,24,21,0,90.03,33,133,100.0,0,0,0,0,0,0,0,11,0,0,0,0,4,16,693,39,0,48.48,5,16,32,8,7,57.14,52.46,0,6.9
1105945,Léo Alaba,Criciúma,D,11,0,3,0.0,0,0,0,0,0,0,0,0,0.0,5,2,0,0,0,0.0,55.56,1,0,0,0,9,0,1,11,0,0,0,0,12,213,2,34,6,1,75.12,53,92,20.69,0,0,0,0,0,0,0,3,0,0,1,0,1,15,545,118,0,71.43,8,20,35,8,6,55.56,61.4,5,6.83
857733,Yuri,Athletic Club,D,11,0,8,0.0,0,0,1,0,2,0,0,0,0.0,6,5,0,0,0,0.0,60.0,1,0,0,0,10,0,0,6,0,0,0,4,19,306,2,79,11,3,86.6,41,153,17.5,0,0,0,0,0,0,0,9,0,0,4,0,2,3,720,120,0,30.0,15,31,34,20,10,41.33,40.0,16,6.8
1022676,Carlão,Botafogo-SP,D,11,0,7,0.0,0,0,0,0,3,0,0,0,0.0,0,2,0,0,0,0.0,0.0,2,0,0,0,14,0,4,10,1,2,0,6,44,465,0,20,26,0,87.96,56,129,0.0,0,0,0,0,0,0,0,8,0,0,2,0,3,20,760,65,0,60.61,4,18,38,14,8,47.37,53.52,1,6.79
966531,Joaquín Novillo,Paysandu SC,D,11,0,5,0.0,0,0,0,0,1,0,0,0,0.0,0,3,0,0,0,0.0,0.0,1,0,0,0,6,0,3,4,0,0,0,2,56,249,0,21,21,0,82.73,43,55,0.0,0,0,0,0,0,0,0,5,0,0,3,0,0,22,821,49,1,57.89,1,7,29,11,10,35.0,50.0,0,6.75
882662,Conrado Buchanelli Holz,Atlético Goianiense,D,11,0,4,0.0,0,0,1,0,2,0,0,0,0.0,2,2,0,0,0,0.0,22.22,0,0,0,0,3,0,1,0,0,0,0,5,20,246,1,51,9,0,78.05,54,119,25.0,0,0,0,0,0,0,0,7,0,0,1,0,3,4,627,111,0,23.53,7,12,16,12,8,28.57,27.12,6,6.55
329107,César Martins,Novorizontino,D,10,1,2,50.0,0,0,3,0,1,0,0,0,0.0,5,1,0,1,1,0.0,100.0,0,0,0,0,11,0,5,9,1,1,0,0,85,564,1,38,50,1,86.88,74,160,100.0,0,0,0,0,0,0,0,6,0,0,0,0,2,17,845,81,0,65.38,1,17,34,4,10,80.95,72.34,0,7.28
243621,Jackson,Amazonas FC,D,10,2,9,22.22,2,2,0,0,5,0,0,0,0.0,0,4,0,2,0,0.0,0.0,0,1,0,1,3,0,2,7,0,0,0,4,73,358,0,19,33,0,80.17,71,91,100.0,0,0,0,0,0,0,0,10,0,0,2,0,2,38,842,80,0,76.0,7,10,48,10,9,40.0,64.0,1,7.11
987088,Allan,Operário-PR,D,10,0,6,0.0,0,0,0,3,1,0,0,0,0.0,4,3,0,0,0,0.0,66.67,2,0,0,1,16,0,3,11,0,0,0,1,61,446,0,17,21,1,84.3,70,91,100.0,0,0,0,0,0,0,0,10,0,0,2,0,0,34,900,82,0,61.82,12,32,66,3,10,82.05,70.21,2,7.09
1130040,Lucas Belezi,Athletico,D,10,0,1,0.0,0,0,0,0,0,0,0,0,0.0,0,1,0,0,0,0.0,0.0,0,0,0,0,18,0,1,12,0,0,0,2,37,377,1,45,29,0,79.05,79,149,50.0,0,0,0,0,0,0,0,9,0,0,0,0,0,28,711,89,0,80.0,3,21,49,11,8,63.64,72.06,0,6.97
1117180,Thomas Luciano,Amazonas FC,D,10,0,2,0.0,0,0,0,1,0,0,0,0,0.0,4,1,0,0,0,0.0,33.33,1,0,0,0,14,1,0,5,0,0,0,2,40,176,3,41,6,1,77.84,39,76,25.0,0,0,0,0,0,0,0,8,0,0,2,0,1,15,676,100,0,71.43,9,27,42,5,10,56.25,60.87,6,6.89
866399,Maycon,Ferroviária,D,10,0,3,0.0,0,0,1,0,1,0,0,0,0.0,3,1,0,0,0,0.0,100.0,1,0,0,0,15,0,1,12,2,0,0,4,58,499,0,11,23,0,89.58,52,67,0.0,0,0,0,0,0,0,0,11,0,0,2,0,1,19,832,61,0,65.52,2,20,39,5,9,66.67,66.1,1,6.84
243469,Wellington Silva,Volta Redonda,D,10,0,1,0.0,0,0,4,0,0,0,0,0,0.0,4,0,0,0,0,0.0,66.67,1,0,0,1,10,0,0,9,0,0,0,3,12,181,0,38,10,0,89.5,19,98,47.37,0,0,0,0,0,0,0,6,0,0,1,0,2,7,440,46,0,53.85,9,23,30,5,6,67.65,63.83,1,6.82
993066,Edílson Júnior,Paysandu SC,D,10,0,5,0.0,0,0,2,0,1,0,0,0,0.0,5,1,0,0,0,0.0,62.5,3,0,0,1,14,0,1,3,0,0,0,5,14,216,0,50,11,0,83.33,36,102,29.41,0,0,0,0,0,0,0,5,0,0,2,0,0,7,516,95,0,43.75,10,29,36,5,4,55.77,52.94,10,6.79
804360,Wellington,Amazonas FC,D,10,0,2,0.0,0,0,0,0,1,0,0,0,0.0,3,0,0,0,0,0.0,100.0,1,0,0,0,12,1,0,7,3,1,0,2,36,284,0,32,15,0,80.99,54,89,0.0,0,0,0,0,0,0,0,8,0,0,1,0,2,12,570,64,0,50.0,2,17,29,10,4,56.67,53.7,2,6.74
243379,Rafael Donato,Novorizontino,D,9,0,10,0.0,0,0,1,2,2,0,0,0,0.0,0,5,0,0,0,0.0,0.0,3,0,0,1,15,0,2,6,0,0,0,2,54,375,2,31,23,0,84.27,59,107,0.0,0,0,0,0,0,0,0,6,0,0,2,0,3,35,674,65,0,87.5,4,19,54,9,8,65.52,78.26,0,7.26
926868,Miranda,Operário-PR,D,9,0,7,0.0,0,0,1,0,2,0,0,0,0.0,2,5,0,0,0,0.0,66.67,0,0,0,0,16,0,5,10,0,0,0,2,46,472,0,43,34,0,87.71,58,125,0.0,0,0,0,0,0,0,0,7,0,0,0,0,3,14,810,72,0,51.85,3,21,35,10,9,56.76,54.69,3,7.17
1634992,Marcelo Ajul,Athletic Club,D,9,0,2,0.0,0,0,1,1,0,0,0,0,0.0,3,2,0,0,0,0.0,100.0,0,0,0,0,20,1,2,9,1,0,0,2,41,411,1,27,14,1,85.89,58,105,0.0,0,0,0,0,0,0,0,7,0,0,0,0,2,15,672,63,0,68.18,5,28,43,5,8,80.0,75.44,0,7.07
945578,Lucas Ribeiro,Goiás,D,9,0,3,0.0,0,0,0,0,1,0,0,0,0.0,0,2,0,0,0,0.0,0.0,0,0,0,0,10,0,5,7,0,0,0,1,23,322,0,22,33,0,87.89,39,85,0.0,0,0,0,0,0,0,0,3,0,0,1,0,3,13,690,43,0,52.0,1,11,24,17,9,37.93,44.44,1,6.92
886239,Cristiano,Operário-PR,D,9,0,5,0.0,0,0,1,0,0,0,0,0,0.0,7,3,0,0,0,0.0,53.85,2,0,0,0,10,0,2,9,0,0,0,3,14,247,2,36,12,0,78.95,52,93,34.62,0,0,0,0,0,0,0,6,0,0,0,0,1,8,643,127,0,72.73,7,24,32,6,8,54.55,58.18,5,6.91
1845365,Guilherme Aquino,Coritiba,D,9,0,8,0.0,0,0,0,1,0,0,0,0,0.0,1,3,0,0,0,0.0,100.0,5,0,0,0,5,0,3,8,0,1,0,1,45,426,0,24,33,0,89.67,44,120,0.0,0,0,0,0,0,0,0,9,0,0,1,0,2,24,756,51,0,57.14,2,8,32,8,9,50.0,55.17,0,6.91
351502,Thales,Operário-PR,D,9,0,1,0.0,0,0,0,0,0,0,0,0,0.0,1,1,0,0,0,0.0,25.0,0,0,0,0,11,0,1,14,0,0,0,4,23,287,1,41,15,1,80.49,56,123,38.89,0,0,0,0,0,0,0,7,0,0,0,0,1,10,590,114,0,52.63,2,14,24,3,7,53.85,53.33,2,6.84
1645838,Guilherme Mariano,Cuiabá,D,9,0,0,0.0,0,0,0,0,0,0,0,0,0.0,0,0,0,0,0,0.0,0.0,0,0,0,0,9,0,2,7,0,0,0,4,33,235,0,11,13,0,86.38,32,55,0.0,0,0,0,0,0,0,0,5,0,0,1,0,1,13,456,41,0,61.9,1,10,23,9,4,40.0,50.0,2,6.8
552176,Walisson Maia,Vila Nova FC,D,9,0,2,0.0,0,0,0,0,0,0,0,0,0.0,1,1,0,0,0,0.0,100.0,1,0,0,0,10,0,1,2,0,1,0,3,43,231,1,11,9,1,76.62,54,46,0.0,0,0,0,0,0,0,0,5,0,0,1,0,3,19,581,56,0,73.08,0,11,30,11,5,50.0,62.5,0,6.77
1105232,Everton,Chapecoense,D,9,0,0,0.0,0,0,0,0,0,0,0,0,0.0,1,0,0,0,0,0.0,16.67,0,0,0,0,2,0,0,1,0,1,0,0,8,38,1,7,0,0,71.05,11,18,22.22,0,0,0,0,0,0,0,4,0,0,0,0,2,1,191,34,0,12.5,2,5,6,2,1,41.67,30.0,0,6.43
975207,Cléber,Avaí,F,19,5,39,12.82,0,1,7,4,11,1,0,1,100.0,11,21,1,4,3,0.0,44.0,7,0,1,1,22,0,0,5,0,0,0,3,14,287,6,76,6,3,62.37,108,120,8.33,0,0,0,0,0,0,0,14,0,0,4,0,1,80,1453,195,0,46.78,23,55,135,40,18,45.83,46.39,12,7.15
344077,Diego Gonçalves,Criciúma,F,19,5,34,14.71,1,0,9,3,15,1,0,0,0.0,18,11,0,4,5,0.0,45.0,8,0,1,1,18,0,3,10,0,0,0,16,11,483,3,142,27,2,75.57,118,254,20.0,0,0,0,0,0,0,0,15,0,0,2,0,3,31,1512,254,0,45.59,40,74,105,29,18,44.31,44.68,31,7.05
981595,Gustavo Coutinho,Coritiba,F,19,3,30,10.0,0,1,9,0,10,1,0,0,100.0,1,10,1,3,2,0.0,12.5,10,0,0,2,8,0,1,1,0,0,0,10,8,141,1,32,3,1,73.05,38,60,16.67,0,0,0,0,0,0,0,5,0,0,2,0,0,30,1030,104,0,36.14,18,26,56,18,12,38.81,37.33,7,6.83
1642625,Max,Athletic Club,F,19,2,27,7.41,0,0,6,3,10,0,0,0,0.0,16,7,0,2,2,0.0,42.11,10,0,0,0,15,0,1,7,0,0,0,3,9,249,0,65,3,0,77.11,57,123,27.03,0,0,0,0,0,0,0,12,0,0,4,0,2,10,1241,143,0,47.62,21,52,62,9,16,57.14,55.36,6,6.77
922564,Carlão,Ferroviária,F,18,6,37,16.22,0,2,12,2,11,0,0,0,0.0,7,17,0,5,4,0.0,43.75,9,1,1,1,17,0,2,3,0,0,0,6,14,310,3,69,3,2,70.0,93,112,16.67,0,0,0,0,0,0,0,18,0,0,2,0,3,37,1564,151,1,33.33,46,70,107,28,18,57.85,46.12,9,7.16
794930,Pedro Rocha,Remo,F,18,10,56,17.86,0,1,7,8,21,3,0,1,66.67,21,25,2,9,8,0.0,33.87,10,1,1,0,15,0,3,5,0,0,0,18,17,334,6,112,11,2,72.46,92,195,11.76,0,0,0,0,0,0,0,11,0,0,2,0,2,16,1555,207,0,51.61,29,65,81,13,18,42.48,44.02,16,7.15
125032,Anselmo Ramon,Goiás,F,18,6,30,20.0,0,1,5,5,13,0,0,3,0.0,9,13,0,6,2,0.0,52.94,4,0,0,0,5,0,3,4,0,0,0,5,16,320,1,108,17,0,70.94,93,164,0.0,0,0,0,0,0,0,0,12,0,0,0,0,2,22,1471,158,0,36.67,16,30,52,6,16,47.62,42.28,14,7.03
954327,Rodrigo,Operário-PR,F,18,4,38,10.53,1,0,6,0,11,0,0,1,0.0,12,22,0,2,3,0.0,38.71,5,0,2,2,23,0,1,5,0,0,0,15,12,390,3,111,6,1,78.97,82,186,40.0,0,0,0,0,0,0,0,15,0,0,0,0,5,18,1237,175,0,45.0,12,47,65,23,15,38.84,40.37,18,6.97
954719,Alef Manga,Avaí,F,18,3,30,10.0,0,0,9,6,11,1,0,1,100.0,11,9,1,2,2,0.0,78.57,10,0,1,0,3,0,0,4,0,0,0,3,9,188,2,71,7,1,74.47,48,115,11.11,0,0,0,0,0,0,0,5,0,0,3,0,5,7,741,87,0,33.33,7,21,28,10,7,52.5,45.9,5,6.91
39656,Alan Kardec,Athletico,F,18,5,35,14.29,0,2,4,8,9,1,0,2,0.0,3,19,0,5,1,0.0,42.86,7,0,0,2,5,0,0,2,0,0,0,1,8,174,1,38,5,0,66.67,58,74,50.0,0,0,0,0,0,0,0,10,0,0,0,0,2,47,991,105,0,42.34,21,28,75,13,13,49.12,44.64,14,6.87
790103,Jonathan Cafú,Botafogo-SP,F,18,2,8,25.0,0,0,4,0,2,0,0,0,0.0,5,2,0,2,2,0.0,26.32,4,0,0,0,16,0,0,6,0,0,0,4,2,302,0,78,7,0,80.46,59,162,14.29,0,0,0,0,0,0,0,12,0,0,2,0,3,7,1127,175,0,24.14,21,42,49,20,15,43.75,39.2,18,6.66
874410,Albano,Ferroviária,F,18,0,26,0.0,1,0,2,0,7,0,0,0,0.0,12,9,0,0,0,0.0,48.0,10,0,0,0,9,0,0,7,0,0,0,15,7,453,3,133,13,0,80.13,90,240,20.93,0,0,0,0,0,0,0,14,0,0,2,0,3,3,1162,200,1,30.0,25,46,49,12,16,44.23,42.98,19,6.65
928141,Neto Costa,Athletic Club,F,17,6,21,28.57,0,2,3,5,9,2,0,4,100.0,4,8,2,6,0,0.0,50.0,4,0,0,2,9,0,0,0,0,0,0,5,7,122,1,32,5,0,77.05,28,58,0.0,0,0,0,0,0,0,0,6,0,0,2,0,3,23,738,64,0,34.33,17,29,52,15,8,49.15,41.27,12,6.97
344023,Sandro Lima,Atlético Goianiense,F,17,3,19,15.79,0,0,7,2,8,0,0,1,0.0,5,9,0,2,2,0.0,62.5,2,0,1,1,6,0,0,1,0,0,0,6,19,238,3,72,2,1,74.37,61,117,60.0,0,0,0,0,0,0,0,12,0,0,1,0,2,23,1091,108,0,27.71,18,29,52,23,12,42.65,34.44,11,6.97
866564,Nicolas,Criciúma,F,17,3,25,12.0,0,1,11,4,13,0,0,1,0.0,4,11,0,3,1,0.0,33.33,1,1,0,0,7,0,0,1,0,0,0,4,15,227,0,57,9,1,69.16,70,103,0.0,0,0,0,0,0,0,0,12,0,0,1,0,2,51,1221,140,0,45.95,29,39,90,12,14,53.42,48.91,11,6.91
1016865,Alexandre Jesus,Botafogo-SP,F,17,4,31,12.9,0,2,10,5,16,0,0,0,0.0,10,13,0,4,2,0.0,41.67,2,0,0,0,6,0,2,2,1,0,0,5,16,271,0,57,6,0,65.68,93,111,33.33,0,0,0,0,0,0,0,15,0,0,2,0,0,52,1302,181,0,38.81,20,36,88,14,15,40.91,39.64,20,6.88
937806,Gabriel Poveda,Vila Nova FC,F,17,4,32,12.5,0,1,8,6,15,0,0,0,0.0,5,13,0,4,3,0.0,45.45,4,0,0,2,3,0,1,3,0,1,0,3,14,169,1,47,6,1,70.41,50,74,33.33,0,0,0,0,0,0,0,6,0,0,4,0,1,21,1086,112,0,30.88,19,27,48,17,13,40.3,35.56,17,6.84
1114241,Renan Peixoto,Athletico,F,17,5,23,21.74,0,1,2,2,10,0,0,0,0.0,1,9,0,4,4,0.0,20.0,4,0,1,0,5,0,1,1,0,0,0,5,5,94,0,25,2,0,67.02,31,42,0.0,0,0,0,0,0,0,0,8,0,0,1,0,2,26,563,81,0,39.39,8,14,40,21,5,28.0,34.48,8,6.82
832472,Hygor,Avaí,F,17,2,15,13.33,0,0,8,3,4,0,0,0,0.0,3,8,0,2,1,0.0,30.0,3,0,0,0,3,0,0,2,0,0,0,6,3,79,3,29,2,0,72.15,22,44,0.0,0,0,0,0,0,0,0,7,0,0,1,0,1,14,615,69,0,29.79,24,30,44,11,8,45.45,38.94,14,6.69
146308,Willian Bigode,América Mineiro,F,16,5,38,13.16,5,0,10,9,16,2,1,1,50.0,5,11,1,3,4,20.0,41.67,11,1,2,0,13,0,0,3,0,0,0,5,1,242,1,67,8,1,81.82,44,124,50.0,0,0,0,0,0,0,0,14,0,0,3,0,1,11,1132,98,0,50.0,20,38,49,16,13,46.91,47.57,15,7.08
550248,Pablo Dyego,Novorizontino,F,16,4,31,12.9,0,0,9,0,5,0,0,1,0.0,6,16,0,4,3,0.0,35.29,10,1,0,0,12,0,1,5,0,0,0,6,8,209,0,67,12,0,79.43,43,122,27.78,0,0,0,0,0,0,0,8,0,0,3,0,1,14,926,102,0,46.67,15,33,47,9,8,48.53,47.96,10,7.0
829832,Arthur Caíke,Goiás,F,16,3,19,15.79,2,0,1,3,8,0,0,1,0.0,4,9,0,2,2,0.0,50.0,2,0,1,2,3,0,0,2,0,0,0,2,11,124,2,46,6,1,68.55,39,67,22.22,0,0,0,0,0,0,0,3,0,0,2,0,0,21,625,80,0,41.18,9,16,37,9,4,44.44,42.53,7,6.9
126570,Jorge Benítez,Paysandu SC,F,16,1,31,3.23,0,0,2,2,10,0,0,1,0.0,3,11,0,1,0,0.0,30.0,10,0,0,1,8,0,1,0,0,0,0,4,9,180,0,28,2,0,64.44,64,64,25.0,0,0,0,0,0,0,0,5,0,0,0,0,1,32,810,103,0,42.11,18,25,57,14,10,44.64,43.18,9,6.8
989407,Vinicius Mingotti,Operário-PR,F,16,1,12,8.33,0,0,6,3,8,1,0,0,0.0,3,3,0,1,1,0.0,50.0,1,1,0,2,6,0,0,1,0,0,0,5,4,123,1,30,3,1,75.61,30,53,0.0,0,0,0,0,0,0,0,9,0,0,1,0,0,16,822,64,0,45.71,18,27,43,18,10,46.55,46.24,6,6.74
877402,Federico Martínez,Atlético Goianiense,F,16,0,20,0.0,0,0,4,4,5,0,0,0,0.0,3,11,0,0,0,0.0,27.27,4,0,0,1,13,0,1,2,0,0,0,7,3,136,0,52,2,1,80.88,26,83,6.25,0,0,0,0,0,0,0,8,0,0,0,0,2,18,733,90,0,48.65,20,36,54,15,7,46.75,47.37,14,6.71
994190,Derik Lacerda,Cuiabá,F,15,2,34,5.88,1,0,4,6,20,2,0,1,50.0,20,8,1,2,1,0.0,55.56,6,0,0,0,16,0,5,8,0,0,0,11,15,224,1,66,2,1,75.45,55,117,33.33,0,0,0,0,0,0,0,10,0,0,2,0,1,39,1260,131,0,51.32,25,61,100,17,15,50.83,51.02,17,7.07
795035,Douglas Baggio,CRB,F,15,3,20,15.0,0,0,2,3,9,0,0,1,0.0,9,7,0,2,2,0.0,47.37,4,0,1,0,13,0,0,6,0,0,0,10,6,196,1,65,6,0,76.53,46,114,25.0,0,0,0,0,0,0,0,6,0,0,2,0,3,10,809,102,0,41.67,26,47,57,12,12,51.65,49.57,13,6.95
965796,Marlon,Paysandu SC,F,15,2,10,20.0,0,0,1,2,4,1,0,0,100.0,7,5,1,1,2,0.0,58.33,1,0,1,0,15,0,0,3,0,0,0,11,5,193,3,49,10,0,75.65,47,100,30.0,0,0,0,0,0,0,0,9,0,0,2,0,3,6,915,109,0,28.57,23,44,50,10,12,53.01,48.08,13,6.85
243501,William Pottker,CRB,F,15,0,30,0.0,0,0,7,3,9,0,0,0,0.0,10,14,0,0,0,0.0,45.45,7,0,0,0,4,0,0,1,0,0,0,5,6,255,2,76,16,1,73.33,68,124,22.58,0,0,0,0,0,0,0,8,0,0,3,0,4,10,828,142,0,34.48,8,22,32,10,9,33.85,34.04,16,6.75
789931,Kevin Ramírez,Amazonas FC,F,14,5,32,15.63,1,1,4,6,13,0,0,3,0.0,5,11,0,5,1,0.0,29.41,8,1,0,0,8,0,0,8,0,0,0,3,16,185,1,50,3,1,70.81,54,81,26.67,0,0,0,0,0,0,0,10,0,0,2,0,2,23,1023,127,0,34.33,18,30,53,21,12,38.96,36.81,12,6.95
1018671,Breno Herculano,CRB,F,14,2,30,6.67,0,2,7,2,8,0,0,0,0.0,1,16,0,2,0,0.0,33.33,6,0,0,0,6,0,0,1,0,1,0,3,12,92,0,22,0,0,72.83,25,36,0.0,0,0,0,0,0,0,0,10,0,0,1,0,4,34,816,56,0,46.58,22,29,63,19,11,52.73,49.22,6,6.88
994017,Mikael,CRB,F,14,2,23,8.7,0,1,2,5,7,0,0,1,0.0,6,8,0,1,0,0.0,85.71,8,0,1,1,4,0,0,2,0,0,0,2,3,92,1,22,3,0,68.48,29,42,50.0,0,0,0,0,0,0,0,3,0,0,2,0,2,10,595,56,0,32.26,11,21,31,7,6,55.26,44.93,7,6.71
998494,Jhonata Robert,Criciúma,F,13,4,29,13.79,2,0,2,1,13,0,0,0,0.0,7,7,0,3,4,0.0,43.75,9,0,1,1,14,0,0,4,0,0,0,6,3,217,2,75,9,1,78.34,47,143,26.56,0,0,0,0,0,0,0,6,0,0,1,0,1,7,654,131,0,30.43,13,34,41,8,8,50.75,45.56,11,7.33
242215,Giovanni,CRB,F,13,1,19,5.26,3,0,0,0,2,0,0,0,0.0,6,8,0,1,1,0.0,46.15,9,0,0,0,6,0,0,1,0,0,0,4,0,300,1,83,27,0,82.0,54,162,11.11,0,0,0,0,0,0,0,4,0,0,1,0,2,2,400,98,0,50.0,17,29,31,2,2,61.7,60.78,5,6.87
992025,Neto Pessoa,Chapecoense,F,13,2,14,14.29,0,0,2,3,7,0,0,2,0.0,4,4,0,1,0,0.0,50.0,3,0,1,1,10,0,0,2,0,0,0,5,5,140,0,37,3,1,65.0,49,63,0.0,0,0,0,0,0,0,0,6,0,0,0,0,2,19,828,84,0,38.78,9,23,42,15,11,45.1,42.0,6,6.84
873891,Ronie Carrillo,Botafogo-SP,F,13,1,12,8.33,0,0,1,2,4,0,0,0,0.0,7,6,0,1,1,0.0,63.64,2,0,0,1,7,0,0,1,0,0,0,2,3,166,0,43,5,1,68.67,52,79,20.0,0,0,0,0,0,0,0,10,0,0,2,0,1,22,487,94,0,43.14,8,22,44,11,4,48.89,45.83,7,6.82
166503,Dellatorre,Coritiba,F,13,2,14,14.29,0,0,6,2,5,0,0,0,0.0,2,6,0,2,2,0.0,22.22,3,0,0,0,1,0,0,0,0,0,0,1,6,68,0,21,3,0,79.41,14,35,0.0,0,0,0,0,0,0,0,5,0,0,0,0,1,10,594,56,0,28.57,10,12,22,6,7,37.5,32.84,6,6.7
1462231,Jadson Alves,Cuiabá,F,13,0,10,0.0,0,0,0,2,5,0,0,0,0.0,10,2,0,0,0,0.0,43.48,3,0,0,1,4,0,0,3,0,0,0,2,2,105,0,37,1,1,79.05,22,62,0.0,0,0,0,0,0,0,0,5,0,0,0,0,3,5,329,68,0,22.73,3,17,22,5,1,39.53,33.85,6,6.58
869443,Daniel Amorim,Operário-PR,F,12,5,20,25.0,0,1,4,4,8,1,0,0,100.0,3,10,1,5,3,0.0,33.33,2,1,0,0,3,0,0,1,0,0,0,2,10,129,1,35,4,1,66.67,43,50,0.0,0,0,0,0,0,0,0,4,0,0,1,0,0,43,662,82,0,45.74,7,13,56,9,9,38.24,43.75,5,7.12
868864,Edu,Cuiabá,F,12,1,13,7.69,0,0,10,3,4,1,0,0,100.0,4,6,1,1,1,0.0,44.44,3,0,0,1,5,0,0,0,0,0,0,1,5,106,2,31,4,1,65.09,37,46,0.0,0,0,0,0,0,0,0,7,0,0,0,0,1,11,545,70,0,35.48,9,18,29,4,4,56.25,46.03,6,6.83
39402,Henrique Almeida,Amazonas FC,F,12,0,15,0.0,0,0,2,3,7,0,0,0,0.0,6,4,0,0,0,0.0,50.0,4,0,0,0,6,0,1,0,0,0,0,1,5,129,0,25,5,0,68.22,41,49,0.0,0,0,0,0,0,0,0,8,0,0,2,0,1,4,685,77,0,15.38,20,32,36,15,8,51.61,40.91,9,6.73
1067451,Matheus Régis,Botafogo-SP,F,12,0,11,0.0,0,0,3,1,2,0,0,0,0.0,5,6,0,0,0,0.0,50.0,3,0,0,0,7,0,0,2,0,0,0,1,1,111,0,39,3,0,87.39,14,81,10.0,0,0,0,0,0,0,0,6,0,0,0,0,2,1,375,44,0,11.11,9,21,22,5,4,53.85,45.83,7,6.64
1507546,Ruan Ribeiro,Vila Nova FC,F,12,0,8,0.0,0,0,2,0,2,0,0,0,0.0,1,5,0,0,0,0.0,12.5,1,0,0,1,15,0,0,1,0,0,0,7,7,53,1,13,1,0,64.15,19,25,50.0,0,0,0,0,0,0,0,3,0,0,2,0,2,5,329,46,0,31.25,3,19,24,14,2,34.55,33.8,9,6.62
839635,Felipe Vizeu,Remo,F,12,1,11,9.09,0,0,4,3,5,0,0,0,0.0,2,5,0,1,1,0.0,25.0,1,0,0,0,5,0,1,1,0,0,0,3,4,95,0,21,2,0,71.58,27,39,100.0,0,0,0,0,0,0,0,7,0,0,1,0,2,13,670,57,0,34.21,12,18,31,6,7,42.86,38.75,9,6.55
962027,Marcos Paulo,Operário-PR,F,11,1,6,16.67,0,1,1,2,4,0,0,0,0.0,12,2,0,1,0,0.0,57.14,0,0,0,0,9,0,0,4,0,0,0,4,4,199,0,70,1,0,79.4,41,111,20.0,0,0,0,0,0,0,0,6,0,0,1,0,1,6,563,80,0,60.0,5,26,32,8,6,46.43,48.48,9,6.82
850987,Robson,Novorizontino,F,10,3,24,12.5,1,0,7,4,9,3,0,0,66.67,4,9,2,3,3,0.0,26.67,6,1,0,0,3,0,0,2,0,0,0,3,2,120,1,33,4,1,65.83,41,57,0.0,0,0,0,0,0,0,0,6,0,0,2,0,1,18,670,79,0,36.73,8,15,33,16,9,29.41,33.0,7,6.92
869574,Caio Dantas,Novorizontino,F,10,1,10,10.0,0,1,3,1,3,0,0,0,0.0,4,4,0,1,0,0.0,40.0,3,1,0,2,2,0,0,0,0,0,0,5,2,45,0,16,0,0,82.22,8,25,0.0,0,0,0,0,0,0,0,3,0,0,2,0,0,10,442,39,0,35.71,10,16,26,5,5,48.48,42.62,3,6.75
1114095,Luan Silva,Amazonas FC,F,10,4,18,22.22,0,1,1,1,8,2,0,1,100.0,8,6,2,4,2,0.0,72.73,4,0,0,0,1,0,0,1,0,0,0,1,9,77,1,16,1,1,67.53,25,38,0.0,0,0,0,0,0,0,0,4,0,0,1,0,2,18,461,55,2,35.29,8,17,35,15,5,36.17,35.71,13,6.74
1845397,Gustavo Pajé,Vila Nova FC,F,10,2,7,28.57,0,0,0,0,4,0,0,2,0.0,1,2,0,2,0,0.0,10.0,1,0,0,0,10,0,0,5,1,0,0,4,1,68,1,22,3,1,72.06,19,38,60.0,0,0,0,0,0,0,0,3,0,0,0,0,1,1,244,48,0,16.67,8,19,20,7,2,40.43,37.74,8,6.7
981627,Lucas Tocantins,Volta Redonda,F,10,0,10,0.0,0,0,3,1,3,0,0,0,0.0,3,7,0,0,0,0.0,50.0,0,0,0,2,3,0,0,6,0,0,0,3,1,89,0,26,2,0,78.65,19,53,0.0,0,0,0,0,0,0,0,5,0,0,0,0,1,8,397,58,0,38.1,10,15,23,3,4,44.12,41.82,10,6.66
156023,Ademilson,Operário-PR,F,10,1,7,14.29,0,0,1,2,2,1,0,0,100.0,2,5,1,1,1,0.0,66.67,0,0,0,1,2,0,0,0,0,0,0,1,1,61,0,19,2,0,67.21,20,30,20.0,0,0,0,0,0,0,0,5,0,0,0,0,0,3,199,44,1,27.27,3,7,10,5,0,38.89,34.48,5,6.45
976088,Matheus Lucas,Volta Redonda,F,9,3,11,27.27,0,1,1,1,4,0,0,1,0.0,0,6,0,3,1,0.0,0.0,1,0,0,0,3,0,0,1,0,0,0,1,2,29,0,10,0,0,75.86,7,17,0.0,0,0,0,0,0,0,0,1,0,0,0,0,0,8,174,15,0,61.54,12,15,23,8,0,53.57,56.1,4,6.93
2032250,Gabriel Mendes Alves,Avaí,F,9,0,2,0.0,0,0,0,1,1,0,0,0,0.0,3,0,0,0,0,0.0,75.0,1,0,0,0,6,0,0,3,0,0,0,2,2,154,0,42,7,0,78.57,33,87,33.33,0,0,0,0,0,0,0,3,0,0,1,0,0,7,261,46,0,35.0,5,14,21,7,1,58.33,47.73,1,6.74
1633708,Thayllon Roberth,Avaí,F,9,1,5,20.0,0,0,0,0,3,0,0,1,0.0,1,1,0,1,0,0.0,25.0,1,0,0,0,1,0,0,1,0,0,0,3,2,53,1,19,2,0,75.47,13,32,22.22,0,0,0,0,0,0,0,3,0,0,1,0,1,0,175,29,0,0.0,5,7,7,3,1,43.75,41.18,1,6.71
876286,André Luís,Vila Nova FC,F,9,0,7,0.0,0,0,4,2,2,0,0,0,0.0,2,4,0,0,0,0.0,28.57,1,1,0,0,1,0,0,1,0,0,0,6,2,106,1,29,3,0,65.09,37,46,0.0,0,0,0,0,0,0,0,6,0,0,2,0,0,6,551,68,0,31.58,12,15,21,6,6,40.54,37.5,6,6.7
1175667,Daniel Alves,Atlético Goianiense,F,9,0,8,0.0,0,0,5,3,4,0,0,0,0.0,5,2,0,0,0,0.0,71.43,2,0,0,0,4,0,0,2,0,0,0,1,2,59,0,17,0,0,74.58,15,26,0.0,0,0,0,0,0,0,0,3,0,0,1,0,0,6,368,35,0,27.27,9,18,24,5,3,56.25,44.44,6,6.69
795020,Iury Castilho,Coritiba,F,9,0,7,0.0,0,0,3,0,1,0,0,0,0.0,9,3,0,0,0,0.0,64.29,3,0,0,0,7,0,0,1,0,0,0,3,2,102,1,32,1,1,76.47,24,52,11.11,0,0,0,0,0,0,0,2,0,0,0,0,1,5,479,68,0,31.25,16,32,37,11,7,53.33,48.68,9,6.64
329235,Lucca,Novorizontino,F,9,0,5,0.0,0,0,2,0,2,0,0,0,0.0,1,3,0,0,0,0.0,50.0,0,0,0,0,0,0,0,0,1,0,0,1,0,43,0,14,2,0,86.05,6,28,0.0,0,0,0,0,0,0,0,1,0,0,0,0,1,3,267,19,0,20.0,5,6,9,3,3,54.55,34.62,0,6.61
387766,Ronaldo Henrique Silva,Ferroviária,F,9,0,4,0.0,0,0,1,1,1,0,0,0,0.0,0,2,0,0,0,0.0,0.0,1,0,0,0,3,0,0,0,0,0,0,2,1,49,0,15,0,0,75.51,12,23,0.0,0,0,0,0,0,0,0,3,0,0,0,0,0,8,204,22,0,33.33,4,7,15,7,1,41.18,36.59,2,6.58
606612,Nicolas Careca,Coritiba,F,9,1,2,50.0,0,0,1,0,1,0,0,1,0.0,2,0,0,1,0,0.0,50.0,1,0,0,0,5,0,0,2,0,0,0,4,5,72,0,13,2,0,62.5,27,22,16.67,0,0,0,0,0,0,0,1,0,0,0,0,2,5,409,50,0,31.25,1,8,13,8,6,28.57,29.55,7,6.56
870902,Marcelo Rangel,Remo,G,19,0,0,0.0,0,0,0,0,0,0,0,0,0.0,0,0,0,0,0,0.0,0.0,0,0,0,0,0,0,5,0,0,0,0,1,23,446,0,13,95,0,66.37,150,52,0.0,102,59,10,0,42,5,5,14,2,1,2,5,1,4,1685,154,0,100.0,3,3,7,0,19,75.0,87.5,0,7.62
552172,Tadeu,Goiás,G,19,2,3,66.67,0,0,0,1,3,3,0,0,66.67,0,0,2,2,2,0.0,0.0,0,0,0,0,1,0,7,0,0,0,0,2,29,671,2,65,158,2,60.95,262,109,0.0,48,26,13,0,21,20,18,13,2,0,2,13,2,8,1710,265,0,88.89,7,8,16,1,19,80.0,84.21,0,7.23
972566,Denis Júnior,Ferroviária,G,19,0,0,0.0,0,0,0,0,0,0,0,0,0.0,0,0,0,0,0,0.0,0.0,0,0,0,0,1,1,5,1,2,0,0,3,18,488,0,11,68,0,61.07,190,48,0.0,62,39,11,0,23,4,3,19,3,0,3,11,1,6,1710,194,0,100.0,4,4,10,0,19,57.14,76.92,0,7.16
1020235,Halls,Vila Nova FC,G,19,0,0,0.0,0,0,0,0,0,0,0,0,0.0,0,0,0,0,0,0.0,0.0,0,0,0,0,0,1,7,0,1,0,0,0,28,382,0,17,63,0,45.29,209,44,0.0,46,25,16,0,21,8,7,12,5,2,6,28,2,7,1710,219,0,87.5,3,2,9,0,19,100.0,90.0,0,6.97
986864,Jean Drosny,Volta Redonda,G,19,0,0,0.0,0,0,0,0,0,0,0,0,0.0,0,0,0,0,0,0.0,0.0,0,0,0,0,1,1,6,0,0,0,0,0,20,392,0,13,44,0,67.35,128,30,0.0,52,31,6,0,19,10,10,17,2,0,4,12,1,2,1710,132,0,100.0,3,4,6,0,19,100.0,100.0,0,6.93
794897,Matheus Albino,CRB,G,18,0,0,0.0,0,0,0,0,0,0,0,0,0.0,0,0,0,0,0,0.0,0.0,0,0,0,0,0,1,6,0,1,1,1,1,34,517,1,11,57,0,74.66,131,25,0.0,83,55,20,0,28,4,2,13,4,2,4,14,3,12,1620,136,0,92.31,8,6,18,1,18,75.0,85.71,0,7.5
914169,Mateus Pasinato,Cuiabá,G,18,0,0,0.0,0,0,0,0,0,0,0,0,0.0,2,0,0,0,0,0.0,100.0,0,0,0,0,0,1,6,0,0,0,0,0,20,430,0,32,90,0,69.53,131,66,0.0,46,22,9,0,24,4,4,19,2,0,2,13,2,6,1620,138,0,100.0,3,4,10,0,18,100.0,100.0,0,6.92
797866,Airton,Novorizontino,G,17,0,0,0.0,0,0,0,0,0,0,0,0,0.0,0,0,0,0,0,0.0,0.0,0,0,0,0,0,0,8,0,0,0,0,0,19,350,0,12,79,0,71.43,100,43,0.0,69,39,9,0,29,6,6,11,1,0,2,26,2,8,1530,103,0,88.89,3,1,9,0,17,100.0,90.0,0,7.49
166279,Léo Vieira,Chapecoense,G,17,0,0,0.0,0,0,0,0,0,0,0,0,0.0,1,0,0,0,0,0.0,100.0,0,0,0,0,1,1,5,0,1,0,0,0,39,438,0,8,62,0,61.64,168,41,0.0,70,33,15,0,36,26,24,15,2,1,0,20,2,13,1530,171,0,86.67,3,2,15,0,17,100.0,88.24,0,7.36
1018555,Matheus Mendes,América Mineiro,G,17,0,0,0.0,0,0,0,0,0,0,0,0,0.0,0,0,0,0,0,0.0,0.0,0,0,0,0,2,0,3,0,0,0,0,0,34,422,0,16,51,0,67.3,138,35,0.0,50,22,16,1,27,10,9,17,1,0,4,8,2,5,1530,141,0,100.0,2,4,9,0,17,100.0,100.0,0,6.86
1128850,Mycael,Athletico,G,17,0,0,0.0,0,0,0,0,0,0,0,0,0.0,0,0,0,0,0,0.0,0.0,0,0,0,0,0,1,3,0,0,0,0,0,16,339,1,27,74,0,59.88,136,59,0.0,40,16,6,0,24,9,9,22,1,0,1,5,1,3,1530,140,0,100.0,4,4,7,0,17,100.0,100.0,0,6.69
874777,Elias Martello,Operário-PR,G,16,0,0,0.0,0,0,0,0,0,0,0,0,0.0,0,0,0,0,0,0.0,0.0,0,0,0,0,1,0,6,0,0,0,0,0,24,411,0,10,91,0,67.4,134,53,0.0,41,23,5,0,17,16,16,16,2,0,1,6,0,5,1440,136,0,100.0,3,2,7,0,16,100.0,100.0,0,6.93
869424,Victor Souza,Botafogo-SP,G,15,0,0,0.0,0,0,0,0,0,0,0,0,0.0,0,0,0,0,0,0.0,0.0,0,0,0,0,0,0,5,0,0,1,0,0,10,301,0,7,58,0,63.79,109,33,0.0,37,21,8,0,15,2,2,19,5,1,2,11,2,3,1350,110,0,75.0,2,1,4,1,15,50.0,66.67,0,6.88
881483,Igor Bohn,Avaí,G,13,0,0,0.0,0,0,0,0,0,0,0,0,0.0,0,0,0,0,0,0.0,0.0,0,0,0,0,0,2,4,0,0,0,0,0,22,295,0,16,61,0,61.69,113,45,0.0,48,21,17,1,27,7,7,12,0,0,3,15,0,5,1170,116,0,100.0,1,1,6,0,13,100.0,100.0,0,7.08
1507616,Pedro Morisco,Coritiba,G,12,0,0,0.0,0,0,0,0,0,0,0,0,0.0,0,0,0,0,0,0.0,0.0,0,0,0,0,0,0,8,0,0,0,0,0,16,344,0,16,67,0,72.09,96,35,0.0,54,23,8,0,29,8,8,7,1,0,1,21,1,3,1080,101,0,100.0,1,1,4,1,12,50.0,80.0,0,7.75
1106840,Adriel,Athletic Club,G,12,0,2,0.0,1,0,0,0,0,0,0,0,0.0,0,0,0,0,0,0.0,0.0,2,0,0,0,0,1,2,0,0,1,0,0,21,343,0,12,52,0,67.06,113,23,0.0,32,22,6,0,10,7,7,13,2,0,2,6,2,5,1015,117,1,100.0,2,1,6,2,12,33.33,75.0,0,6.73
1198002,Kauã Moroso,Criciúma,G,11,0,0,0.0,0,0,0,0,0,0,0,0,0.0,0,0,0,0,0,0.0,0.0,0,0,0,0,1,0,2,0,1,0,0,0,16,200,0,5,35,0,73.0,54,21,0.0,32,16,7,0,16,6,6,11,0,0,1,6,0,6,945,55,0,100.0,2,3,9,0,10,100.0,100.0,0,6.96
39999,Renan,Amazonas FC,G,11,0,0,0.0,0,0,0,0,0,0,0,0,0.0,0,0,0,0,0,0.0,0.0,0,0,0,0,0,0,2,0,0,0,0,0,14,205,0,10,43,0,64.39,73,36,0.0,30,16,7,0,14,2,2,9,0,0,2,1,1,1,929,73,0,100.0,1,1,2,0,11,100.0,100.0,0,6.9
984887,Gabriel Mesquita,Paysandu SC,G,10,0,0,0.0,0,0,0,0,0,0,0,0,0.0,0,0,0,0,0,0.0,0.0,0,0,0,0,0,0,3,0,0,0,0,1,18,235,0,17,53,0,45.11,129,41,0.0,36,24,8,0,11,5,5,6,2,0,3,10,0,6,886,133,0,100.0,4,3,9,0,9,75.0,90.0,0,7.23
977806,Matheus Nogueira,Paysandu SC,G,10,0,0,0.0,0,0,0,0,0,0,0,0,0.0,0,0,0,0,0,0.0,0.0,0,0,0,0,0,0,2,0,1,0,0,0,8,225,0,16,64,0,59.11,92,47,0.0,28,19,6,0,9,3,3,11,0,0,1,4,1,7,824,95,0,100.0,1,0,7,0,10,0.0,100.0,0,6.95
124996,Vladimir,Atlético Goianiense,G,10,0,0,0.0,0,0,0,0,0,0,0,0,0.0,0,0,0,0,0,0.0,0.0,0,0,0,0,0,0,2,0,0,1,0,1,3,210,0,14,30,0,56.67,91,22,0.0,24,12,2,0,12,4,4,10,3,0,2,4,3,1,828,92,0,100.0,1,1,2,1,9,33.33,50.0,0,6.68
840166,Alisson,Criciúma,G,9,0,0,0.0,0,0,0,0,0,0,0,0,0.0,0,0,0,0,0,0.0,0.0,0,0,0,0,0,0,5,0,1,0,0,0,11,198,0,8,40,0,53.03,93,26,0.0,18,6,4,0,11,4,4,4,0,0,1,9,1,4,765,97,0,100.0,3,1,5,0,9,100.0,100.0,0,6.99
90812,Marquinhos Gabriel,Avaí,M,19,2,25,8.0,2,0,2,2,9,0,0,1,0.0,31,11,0,1,1,0.0,54.39,5,0,1,3,14,0,4,6,0,0,0,8,17,692,4,208,35,3,87.72,85,399,20.0,0,0,0,0,0,0,0,15,0,0,4,0,2,6,1673,239,0,30.0,25,70,76,7,19,53.03,50.0,22,7.19
1120738,Rafael Carvalheira,Chapecoense,M,19,4,25,16.0,0,1,0,0,8,0,0,3,0.0,3,12,0,4,0,0.0,60.0,5,0,0,1,19,0,1,19,0,0,0,14,17,424,1,96,18,1,87.5,53,202,41.67,0,0,0,0,0,0,0,12,0,0,0,0,1,4,1523,85,0,18.18,10,32,36,17,17,44.44,38.3,7,6.99
802485,Thiago Lopes,Ferroviária,M,19,3,19,15.79,0,1,1,4,5,0,0,1,0.0,14,7,0,3,1,0.0,60.87,7,0,0,1,14,0,1,6,0,0,0,5,14,339,2,102,13,1,81.42,63,192,33.33,0,0,0,0,0,0,0,10,0,0,2,0,3,6,1094,108,0,27.27,26,54,60,9,14,62.79,55.56,9,6.91
922570,Luís Oyama,Novorizontino,M,19,1,9,11.11,0,0,1,0,2,0,0,0,0.0,7,5,0,0,1,0.0,33.33,2,0,1,0,17,0,0,6,0,0,0,12,5,492,3,129,40,3,84.55,76,244,22.22,0,0,0,0,0,0,0,7,0,0,3,0,2,4,1010,139,0,25.0,15,39,43,10,10,41.94,39.45,18,6.87
1546812,Italo,Chapecoense,M,19,4,24,16.67,0,0,2,2,8,0,0,1,0.0,9,13,0,4,3,0.0,52.94,3,0,0,0,7,0,1,6,0,0,0,3,11,134,2,55,4,1,79.85,27,82,14.29,0,0,0,0,0,0,0,8,0,0,0,0,2,8,648,67,0,33.33,8,23,31,6,3,47.92,43.06,8,6.85
1046490,João Vieira,Vila Nova FC,M,19,0,6,0.0,1,0,1,0,0,0,0,0,0.0,3,2,0,0,0,0.0,50.0,4,0,0,0,17,0,4,22,1,1,0,16,22,678,2,109,49,0,87.76,83,279,18.75,0,0,0,0,0,0,0,11,0,0,6,0,1,7,1428,121,0,38.89,18,38,45,32,16,41.76,41.28,6,6.75
77726,Josué,Coritiba,M,18,5,24,20.83,4,0,0,2,14,2,1,5,100.0,15,7,2,3,0,25.0,57.69,3,0,2,1,8,0,4,4,0,0,0,6,4,1047,6,287,53,4,87.3,133,596,25.53,0,0,0,0,0,0,0,9,0,0,1,0,5,2,1508,300,0,15.38,49,72,74,15,18,59.5,55.22,19,7.53
335807,Gegê,CRB,M,18,3,41,7.32,9,0,1,1,15,0,1,2,0.0,9,12,0,2,1,11.11,52.94,14,0,1,0,16,0,1,10,0,0,0,15,6,650,6,216,43,2,88.77,73,398,29.46,0,0,0,0,0,0,0,11,0,0,3,0,5,9,1311,184,0,37.5,12,37,46,24,16,41.11,40.35,6,7.29
1005337,Matheus Frizzo,Novorizontino,M,18,4,40,10.0,6,0,1,0,12,3,0,4,100.0,7,18,3,3,0,0.0,43.75,10,0,1,0,18,0,1,4,0,0,0,10,4,498,4,185,24,1,79.92,100,328,32.14,0,0,0,0,0,0,0,12,0,0,2,0,3,9,1390,220,0,23.08,34,59,68,25,18,52.21,44.74,12,7.21
981296,Thiaguinho,CRB,M,18,4,50,8.0,0,0,5,4,16,0,0,3,0.0,21,14,0,4,1,0.0,56.76,20,0,0,1,11,0,1,6,2,0,0,6,7,432,0,156,12,0,84.03,69,268,25.0,0,0,0,0,0,0,0,10,0,0,3,0,4,9,1236,169,0,34.62,22,54,63,10,16,52.43,48.84,17,7.08
576004,Juninho,Ferroviária,M,18,2,32,6.25,2,0,1,0,9,1,0,0,100.0,13,13,1,2,2,0.0,46.43,10,0,0,0,18,0,0,12,0,0,0,12,6,266,2,67,9,4,73.31,71,133,20.0,0,0,0,0,0,0,0,9,0,0,2,0,4,11,1081,137,0,36.67,38,69,80,9,13,59.48,54.79,12,6.99
840847,Leandro Maciel,Botafogo-SP,M,18,2,35,5.71,1,0,0,0,8,1,0,0,100.0,8,20,1,1,2,0.0,44.44,7,0,1,0,14,0,3,3,1,0,0,8,9,695,2,143,31,1,82.3,123,347,20.51,0,0,0,0,0,0,0,16,0,0,4,0,4,7,1482,214,0,36.84,26,48,55,16,18,51.06,48.67,14,6.97
330691,Juninho,Goiás,M,18,0,12,0.0,0,0,1,2,3,0,0,0,0.0,7,5,0,0,0,0.0,46.67,4,0,0,0,26,0,5,13,0,0,0,6,15,432,3,136,12,2,76.16,103,234,26.92,0,0,0,0,0,0,0,10,0,0,1,0,1,13,1496,182,0,41.94,19,52,65,22,17,50.49,48.51,16,6.96
844601,Filipe Machado,Coritiba,M,18,0,6,0.0,0,0,0,0,2,0,0,0,0.0,8,4,0,0,0,0.0,61.54,0,0,0,0,19,1,1,24,1,0,0,6,23,774,1,108,56,1,87.73,95,313,0.0,0,0,0,0,0,0,0,7,0,0,1,0,3,5,1292,144,0,45.45,18,45,50,16,18,55.56,54.35,9,6.89
820057,Larry Vásquez,Amazonas FC,M,18,0,7,0.0,0,0,0,0,0,0,0,0,0.0,7,3,0,0,0,0.0,77.78,4,0,0,0,43,1,2,16,0,0,0,15,26,811,0,130,43,0,86.56,109,370,0.0,0,0,0,0,0,0,0,17,0,0,4,0,5,24,1541,147,0,53.33,6,56,80,27,18,52.34,52.63,8,6.85
1516708,Kauan Rodrigues,Atlético Goianiense,M,18,0,13,0.0,0,0,0,1,5,0,0,0,0.0,10,3,0,0,0,0.0,43.48,5,0,0,0,15,0,0,6,0,0,0,11,6,354,0,120,31,0,84.75,54,230,25.0,0,0,0,0,0,0,0,12,0,0,0,0,2,7,900,102,0,35.0,15,40,47,26,8,40.4,39.5,11,6.84
866574,Marlon,Novorizontino,M,18,1,14,7.14,0,0,2,0,2,0,0,0,0.0,5,7,0,1,1,0.0,50.0,5,0,0,0,17,0,0,5,3,0,0,12,7,327,3,95,9,2,85.32,48,165,38.46,0,0,0,0,0,0,0,6,0,0,0,0,4,4,873,87,0,20.0,11,33,37,22,10,45.83,40.22,1,6.78
924131,Bruno Matias,Chapecoense,M,18,0,10,0.0,0,0,0,0,2,0,0,0,0.0,4,5,0,0,0,0.0,50.0,3,0,0,0,28,0,4,10,1,0,0,25,20,704,0,95,46,0,87.64,87,261,100.0,0,0,0,0,0,0,0,15,0,0,0,0,2,10,1578,107,1,62.5,18,50,60,19,18,47.62,49.59,7,6.72
1533964,Alencar,Ferroviária,M,18,0,8,0.0,0,0,0,0,2,0,0,0,0.0,3,2,0,0,0,0.0,23.08,4,0,0,0,21,0,2,17,0,0,0,12,9,351,0,59,14,0,85.75,50,129,0.0,0,0,0,0,0,0,0,7,0,0,1,0,0,5,887,105,0,31.25,25,48,53,5,9,52.75,49.53,16,6.68
358540,Gabriel Boschilia,Operário-PR,M,17,4,51,7.84,8,0,1,4,15,2,0,4,100.0,16,16,2,3,0,0.0,42.11,20,0,1,1,22,0,4,2,0,0,0,18,8,649,7,214,40,3,87.52,81,425,33.8,0,0,0,0,0,0,0,14,0,0,2,0,4,7,1428,207,0,28.0,30,68,75,31,17,40.72,39.06,28,7.25
1105790,Figueiredo,América Mineiro,M,17,2,43,4.65,7,0,9,1,22,0,0,0,0.0,24,11,0,2,2,0.0,48.0,10,0,0,0,12,0,1,5,1,0,0,9,16,434,5,156,23,3,76.5,102,243,17.72,0,0,0,0,0,0,0,14,0,0,4,0,0,16,1330,267,0,32.65,29,65,81,21,15,44.52,41.54,27,7.21
1465222,João Vitor,Avaí,M,17,1,46,2.17,6,0,0,0,9,0,1,0,0.0,19,19,0,0,1,16.67,55.88,18,0,1,0,20,0,1,12,0,0,0,12,25,654,2,171,59,1,78.9,138,347,30.65,0,0,0,0,0,0,0,13,0,0,4,0,4,14,1307,229,0,48.28,13,52,66,17,16,50.0,49.62,9,7.15
1444694,Cauan Barros,América Mineiro,M,17,3,26,11.54,0,2,1,1,9,0,0,0,0.0,13,12,0,2,1,0.0,61.9,5,0,1,1,20,0,1,10,0,0,0,12,33,826,0,136,61,0,85.96,116,342,14.29,0,0,0,0,0,0,0,17,0,0,3,0,6,41,1399,166,0,62.12,35,66,107,36,15,50.38,54.31,13,7.14
1017710,Pierre,Volta Redonda,M,17,0,16,0.0,0,0,0,1,3,0,0,0,0.0,6,3,0,0,0,0.0,54.55,10,0,0,0,37,0,3,13,0,0,0,14,20,945,1,237,48,1,88.68,107,529,41.18,0,0,0,0,0,0,0,14,0,0,4,0,8,8,1488,143,0,40.0,37,80,88,19,17,63.49,60.27,9,7.13
1092354,Bruno Zapelli,Athletico,M,17,3,34,8.82,4,0,1,2,10,1,0,1,100.0,17,11,1,3,2,0.0,50.0,13,0,0,0,17,0,0,16,0,0,0,14,5,488,4,132,29,4,76.23,116,276,30.0,0,0,0,0,0,0,0,12,0,0,1,0,3,15,1101,249,0,57.69,15,49,64,11,13,41.53,44.44,27,7.11
840218,Danielzinho,CRB,M,17,0,19,0.0,0,0,0,1,4,0,0,0,0.0,12,7,0,0,0,0.0,54.55,8,0,0,0,15,0,0,10,0,0,0,15,11,699,4,263,27,4,85.98,98,436,34.48,0,0,0,0,0,0,0,11,0,0,3,0,5,2,1347,160,0,50.0,13,40,42,19,17,44.94,45.16,6,7.11
973845,Higor Meritão,CRB,M,17,1,29,3.45,0,0,1,3,4,0,0,1,0.0,12,14,0,1,0,0.0,60.0,11,0,0,1,37,0,5,23,2,0,0,43,32,822,1,136,41,1,87.71,101,344,50.0,0,0,0,0,0,0,0,13,0,0,4,0,4,18,1522,149,0,58.06,16,65,83,39,17,39.39,42.35,11,7.04
1105838,Max,Cuiabá,M,17,2,36,5.56,3,0,0,1,8,0,0,2,0.0,6,16,0,0,0,0.0,26.09,12,0,2,0,27,0,3,12,0,0,0,6,28,488,2,134,27,1,76.64,114,252,18.18,0,0,0,0,0,0,0,11,0,0,2,0,1,7,1312,222,2,28.0,17,50,57,15,16,53.19,47.9,7,6.95
870185,Giovanni Confreste,Remo,M,17,2,15,13.33,2,1,0,1,3,0,0,0,0.0,1,6,0,1,1,0.0,20.0,6,0,1,0,22,0,0,16,0,0,0,12,24,475,2,82,26,1,84.63,73,210,50.0,0,0,0,0,0,0,0,5,0,0,2,0,7,31,924,96,0,62.0,17,40,71,26,11,47.06,52.59,5,6.93
852556,Matheus Trindade,Criciúma,M,17,1,17,5.88,0,0,0,0,5,0,0,0,0.0,5,10,0,1,1,0.0,26.32,2,0,0,0,43,0,4,9,0,0,0,20,33,467,1,88,21,0,83.08,79,201,25.0,0,0,0,0,0,0,0,9,0,0,2,0,3,24,1270,121,0,52.17,17,64,88,24,15,49.23,50.0,9,6.9
925142,Sebastian Gomez,Coritiba,M,17,2,22,9.09,0,0,1,0,8,0,0,2,0.0,6,9,0,1,0,0.0,33.33,5,0,1,2,26,0,3,14,0,0,0,19,19,471,2,108,12,1,86.84,62,240,23.08,0,0,0,0,0,0,0,9,0,0,2,0,4,12,1405,110,0,44.44,10,42,54,30,17,37.84,39.13,9,6.89
1470709,David Braga,Athletic Club,M,17,2,18,11.11,0,0,3,2,7,0,0,2,0.0,17,4,0,2,0,0.0,45.95,7,0,0,0,8,0,1,2,0,0,1,3,3,376,0,144,19,1,88.03,45,251,14.29,0,0,0,0,0,0,0,9,0,0,4,0,1,6,1139,119,0,27.27,25,50,56,8,15,54.95,49.56,11,6.89
1175760,Denilson,Cuiabá,M,17,0,12,0.0,0,0,0,0,3,0,0,0,0.0,9,7,0,0,0,0.0,56.25,2,0,0,0,32,0,1,5,1,0,0,10,13,678,3,156,31,0,86.73,90,320,10.0,0,0,0,0,0,0,0,13,0,0,2,0,6,9,1293,141,0,40.91,20,60,69,28,17,52.17,50.36,12,6.89
1107060,Felipinho,Athletico,M,17,0,14,0.0,0,0,0,1,5,0,0,0,0.0,16,4,0,0,0,0.0,76.19,5,0,0,0,46,0,1,12,1,0,0,13,26,466,0,81,20,0,83.05,79,202,0.0,0,0,0,0,0,0,0,17,0,0,0,0,5,14,1282,126,0,63.64,13,75,89,26,16,58.14,58.94,12,6.88
243185,Pedro Castro,Remo,M,17,0,8,0.0,0,0,0,0,2,0,0,0,0.0,1,5,0,0,0,0.0,50.0,1,0,0,0,14,0,0,11,0,0,0,9,27,360,3,65,15,2,84.72,55,174,19.23,0,0,0,0,0,0,0,11,0,0,1,0,1,12,1010,100,0,52.17,18,31,43,7,13,58.49,56.58,6,6.85
1046740,Stênio Zanetti,América Mineiro,M,17,1,16,6.25,0,1,6,2,5,0,0,0,0.0,15,6,0,1,0,0.0,55.56,5,0,0,1,7,0,0,1,0,0,0,6,2,245,3,94,4,0,82.04,44,155,12.9,0,0,0,0,0,0,0,6,0,0,3,0,3,11,754,126,0,47.83,23,45,56,10,9,52.33,51.38,16,6.8
1217904,Pedrinho,Goiás,M,17,1,24,4.17,0,0,0,2,7,0,0,0,0.0,21,8,0,1,1,0.0,39.62,9,1,0,0,20,0,1,6,0,0,0,11,3,236,3,95,2,2,79.24,49,152,16.67,0,0,0,0,0,0,0,9,0,0,0,0,3,6,1140,168,0,33.33,24,65,71,19,16,42.76,41.76,25,6.75
249911,Fernando Elizari,América Mineiro,M,17,0,13,0.0,0,0,0,1,2,0,0,0,0.0,13,6,0,0,0,0.0,59.09,5,0,0,1,11,0,0,2,0,0,0,3,5,309,0,107,12,0,88.03,37,188,25.0,0,0,0,0,0,0,0,8,0,0,2,0,2,3,735,75,0,30.0,15,39,42,7,7,60.0,56.0,7,6.75
866754,Marcão Silva,Goiás,M,17,1,16,6.25,0,0,0,0,4,0,0,0,0.0,2,6,0,1,1,0.0,22.22,6,0,0,0,16,0,2,11,1,1,0,15,32,334,0,62,9,1,78.14,73,148,0.0,0,0,0,0,0,0,0,11,0,0,2,0,5,36,1213,113,0,57.14,8,26,62,26,15,31.33,42.47,9,6.64
989892,Welliton,Goiás,M,17,0,15,0.0,0,0,2,2,3,0,0,0,0.0,26,8,0,0,0,0.0,45.61,4,0,0,1,14,0,0,5,0,0,0,5,0,223,1,99,9,0,79.82,45,145,9.09,0,0,0,0,0,0,0,7,0,0,1,0,3,13,1086,187,0,32.5,33,72,85,18,13,46.45,43.59,30,6.64
1175321,Raí,Volta Redonda,M,16,0,42,0.0,3,0,0,0,15,0,0,0,0.0,9,8,0,0,0,0.0,69.23,19,0,0,1,21,0,0,9,0,0,0,9,4,531,2,190,33,1,87.19,68,328,22.92,0,0,0,0,0,0,0,11,0,0,2,0,2,4,1104,138,0,21.05,26,56,60,15,12,59.57,53.1,11,7.25
82680,Giovanni Augusto,Chapecoense,M,16,1,18,5.56,0,0,7,1,8,0,0,0,0.0,6,6,0,1,1,0.0,60.0,4,0,0,0,17,0,0,5,0,0,0,13,7,533,4,139,32,5,76.92,123,268,32.14,0,0,0,0,0,0,0,10,0,0,0,0,3,8,1243,188,0,42.11,25,48,56,17,16,50.53,49.12,13,7.22
1010635,Netinho,Ferroviária,M,16,2,31,6.45,7,0,0,0,15,1,1,0,100.0,13,8,1,1,2,14.29,68.42,8,0,1,1,22,0,0,10,0,0,0,11,10,719,0,155,78,2,90.13,71,334,26.32,0,0,0,0,0,0,0,16,0,0,1,0,3,8,1107,149,1,61.54,18,53,61,28,14,50.0,51.26,9,7.17
1018871,Dodô,Vila Nova FC,M,16,2,23,8.7,4,0,0,1,8,1,0,0,100.0,15,8,1,2,2,0.0,71.43,7,0,0,1,16,0,2,7,0,0,0,2,4,308,1,95,18,0,85.06,46,192,36.84,0,0,0,0,0,0,0,7,0,0,2,0,0,0,791,128,0,0.0,24,55,55,12,7,63.22,55.56,14,7.13
1650085,Robert Santos,Atlético Goianiense,M,16,2,28,7.14,4,0,1,0,9,0,0,2,0.0,15,7,0,2,0,0.0,55.56,12,0,0,0,14,0,0,3,0,0,0,15,8,348,3,119,29,4,70.98,101,199,24.14,0,0,0,0,0,0,0,7,0,0,1,0,2,6,852,190,0,50.0,15,44,50,12,10,48.89,49.02,8,7.11
870329,Marcinho,Chapecoense,M,16,2,26,7.69,0,1,6,5,10,0,0,0,0.0,16,11,0,2,1,0.0,55.17,5,0,0,2,13,0,0,2,1,0,0,7,9,327,2,106,18,2,82.57,57,181,18.52,0,0,0,0,0,0,0,11,0,0,0,0,1,8,1137,141,0,25.81,23,52,60,19,16,50.0,44.44,16,7.03
840077,Lucas Mineiro,Cuiabá,M,16,2,16,12.5,0,1,0,0,3,0,0,1,0.0,6,10,0,1,0,0.0,75.0,3,0,1,0,22,0,0,7,0,1,0,14,28,534,1,75,25,1,86.52,72,226,50.0,0,0,0,0,0,0,0,13,0,0,2,0,3,26,1023,91,0,60.47,14,42,68,23,12,47.73,51.91,10,6.96
848630,Jean Irmer,Novorizontino,M,16,2,24,8.33,3,0,0,1,6,0,1,0,0.0,2,13,0,0,2,33.33,66.67,5,0,2,0,27,0,5,12,0,0,0,10,35,434,0,57,47,0,82.72,75,161,50.0,0,0,0,0,0,0,0,6,0,0,1,0,5,20,1026,97,1,60.61,14,41,61,21,13,51.25,53.98,7,6.88
124747,Adailton,Remo,M,16,1,27,3.7,0,0,1,2,7,0,0,0,0.0,9,11,0,1,1,0.0,45.0,9,1,0,0,7,0,0,2,0,0,0,4,6,146,2,35,3,1,69.18,45,74,10.0,0,0,0,0,0,0,0,7,0,0,1,0,0,13,780,101,0,37.14,15,31,44,6,9,53.45,47.31,7,6.83
1172986,Miqueias,América Mineiro,M,16,1,18,5.56,0,0,0,1,3,0,0,0,0.0,1,12,0,1,1,0.0,10.0,3,1,0,0,17,1,1,5,0,0,0,6,16,504,1,133,11,2,85.91,71,276,20.0,0,0,0,0,0,0,0,14,0,0,2,0,5,13,1162,121,0,52.0,12,30,43,27,15,39.47,42.57,5,6.81
974329,Bruno José,Novorizontino,M,16,0,10,0.0,0,0,7,0,1,0,0,0,0.0,8,5,0,0,0,0.0,44.44,4,1,0,0,12,0,0,1,0,0,0,5,6,194,0,79,7,1,74.23,50,124,17.5,0,0,0,0,0,0,0,4,0,0,1,0,2,13,624,108,0,76.47,6,26,39,9,7,49.06,55.71,3,6.8
355836,Juan Zuluaga,Operário-PR,M,16,1,13,7.69,0,0,1,1,2,0,0,0,0.0,6,4,0,1,1,0.0,100.0,7,0,0,1,20,0,2,14,0,0,0,7,13,476,1,82,28,0,89.29,51,216,33.33,0,0,0,0,0,0,0,10,0,0,2,0,4,12,985,72,0,42.86,3,29,41,29,12,39.73,40.59,8,6.79
1412631,Juan Christian,Cuiabá,M,16,2,18,11.11,0,1,4,0,7,0,0,1,0.0,14,4,0,2,0,0.0,56.0,7,0,0,1,9,0,0,6,1,0,0,9,5,195,3,65,5,0,74.87,49,117,22.22,0,0,0,0,0,0,0,8,0,0,2,0,1,6,855,131,0,33.33,7,30,36,10,10,42.25,40.45,13,6.79
870802,Ricardinho,Ferroviária,M,16,0,9,0.0,0,0,0,0,1,0,0,0,0.0,3,4,0,0,0,0.0,75.0,4,0,0,0,19,0,3,13,1,0,0,19,19,580,0,56,35,0,92.93,41,190,0.0,0,0,0,0,0,0,0,15,0,0,2,0,4,12,1244,55,1,44.44,15,37,49,17,15,46.84,46.23,5,6.79
868049,Ruan,Atlético Goianiense,M,16,0,1,0.0,0,0,0,0,1,0,0,0,0.0,7,0,0,0,0,0.0,43.75,0,0,0,0,13,0,3,5,1,1,0,8,13,314,1,105,5,0,85.35,46,189,17.24,0,0,0,0,0,0,0,10,0,0,0,0,1,6,906,119,0,46.15,13,33,39,7,9,55.93,54.17,3,6.79
870898,Janderson,Remo,M,16,0,15,0.0,0,0,3,2,4,0,0,0,0.0,12,6,0,0,0,0.0,50.0,5,0,0,1,9,0,0,7,0,1,0,12,4,254,1,76,12,2,73.62,67,144,33.33,0,0,0,0,0,0,0,7,0,0,2,0,2,4,996,157,0,19.05,16,37,41,21,13,39.36,35.65,13,6.73
1092324,Alejo Dramisino,Botafogo-SP,M,16,1,10,10.0,1,0,0,0,3,0,0,1,0.0,3,4,0,1,0,0.0,33.33,3,0,0,1,17,0,0,9,0,0,0,13,10,268,1,51,7,0,83.96,43,147,24.0,0,0,0,0,0,0,0,16,0,0,1,0,3,4,741,100,0,33.33,11,31,35,13,7,42.47,41.18,11,6.7
1031485,Sabit Abdulai,Botafogo-SP,M,16,0,3,0.0,0,0,0,0,0,0,0,0,0.0,9,3,0,0,0,0.0,50.0,0,0,0,0,20,0,2,13,0,0,0,7,11,424,0,69,17,0,84.67,65,176,0.0,0,0,0,0,0,0,0,6,0,0,1,0,4,9,828,104,0,42.86,16,44,53,23,10,47.83,46.9,10,6.69
874143,Luiz Fernando,Athletico,M,15,2,34,5.88,0,0,9,0,12,0,0,1,0.0,18,13,0,2,1,0.0,60.0,9,1,0,1,15,0,1,4,0,1,0,5,14,307,6,108,8,3,79.48,63,184,7.14,0,0,0,0,0,0,0,14,0,0,1,0,3,19,1128,129,0,41.3,19,52,71,18,15,54.17,50.0,11,7.15
1641124,JP,Avaí,M,15,4,17,23.53,0,0,1,2,7,0,0,1,0.0,9,6,0,3,3,0.0,64.29,4,1,1,0,24,0,2,9,0,0,0,14,3,260,1,62,26,1,75.77,63,113,20.0,0,0,0,0,0,0,0,4,0,0,2,0,2,8,782,108,0,40.0,12,45,53,10,10,51.72,49.53,14,7.13
1172056,Lucas Ronier,Coritiba,M,15,1,26,3.85,0,0,6,1,9,0,0,1,0.0,22,10,0,1,0,0.0,47.83,7,0,0,0,28,0,5,12,0,0,0,20,11,411,0,130,11,0,81.27,77,238,27.78,0,0,0,0,0,0,0,7,0,0,2,0,4,15,1196,189,0,51.72,31,81,96,20,14,50.63,50.79,19,6.99
1464962,Robinho,Volta Redonda,M,15,0,21,0.0,0,0,1,0,4,0,0,0,0.0,8,10,0,0,0,0.0,42.11,7,0,0,0,15,0,2,11,1,0,0,9,17,549,1,141,25,0,83.06,93,274,20.0,0,0,0,0,0,0,0,7,0,0,1,0,3,6,1082,162,0,19.35,27,50,56,19,13,47.17,40.88,18,6.95
594428,Patrick,Athletico,M,15,0,15,0.0,0,0,0,4,4,0,0,0,0.0,8,6,0,0,0,0.0,57.14,5,0,0,1,27,0,1,7,0,0,0,13,7,334,1,76,12,1,82.63,58,167,20.0,0,0,0,0,0,0,0,12,0,0,1,0,1,12,789,104,0,57.14,23,58,70,11,10,61.05,60.34,8,6.93
870342,Paraíba,Operário-PR,M,15,0,26,0.0,0,0,0,0,5,0,0,0,0.0,14,11,0,0,0,0.0,58.33,10,0,0,0,17,0,2,10,1,0,0,10,13,372,2,65,11,0,76.34,88,163,0.0,0,0,0,0,0,0,0,7,0,0,0,0,6,22,993,143,0,56.41,30,59,81,21,12,52.21,53.29,16,6.89
1018779,Jajá,Goiás,M,15,4,26,15.38,0,1,2,3,9,0,0,1,0.0,9,11,0,4,2,0.0,50.0,6,0,0,2,5,0,0,5,0,0,0,1,1,110,2,41,0,0,70.0,33,63,20.0,0,0,0,0,0,0,0,4,0,0,1,0,3,2,518,82,0,11.11,9,23,25,12,5,44.23,35.71,8,6.87
922601,Wallisson Luiz,Coritiba,M,15,0,7,0.0,0,0,1,0,2,0,0,0,0.0,6,3,0,0,0,0.0,33.33,2,0,0,0,18,0,0,17,1,0,0,1,13,170,1,27,7,0,80.0,34,76,25.0,0,0,0,0,0,0,0,3,0,0,1,0,6,6,578,73,0,30.0,14,38,44,19,6,50.0,45.83,7,6.7
311394,Carlos De Pena,Coritiba,M,15,1,5,20.0,1,0,0,0,1,0,0,1,0.0,0,2,0,1,0,0.0,0.0,2,0,0,0,3,0,0,1,0,0,0,8,4,156,0,40,10,0,73.72,41,81,19.05,0,0,0,0,0,0,0,4,0,0,1,0,1,3,260,74,0,42.86,2,5,8,2,0,31.25,34.78,1,6.67
1046439,Marcelinho,Atlético Goianiense,M,14,4,34,11.76,1,0,6,0,15,1,0,1,100.0,25,10,1,1,3,0.0,52.08,9,0,3,1,16,0,0,7,0,0,0,6,3,292,5,97,19,3,76.03,70,175,25.86,0,0,0,0,0,0,0,12,0,0,2,0,3,4,1072,199,1,36.36,33,74,78,13,14,53.24,52.0,24,7.2
1159656,Miguelito,América Mineiro,M,14,3,34,8.82,2,0,1,3,14,1,0,3,100.0,12,9,1,1,0,0.0,38.71,11,0,2,3,14,0,0,8,0,0,0,11,6,394,4,147,6,4,87.31,50,258,20.0,0,0,0,0,0,0,0,15,0,0,2,0,1,3,1052,187,0,42.86,13,39,42,12,12,37.5,37.84,23,7.19
880204,Jacy Maranhão,Coritiba,M,14,0,12,0.0,0,0,2,1,4,0,0,0,0.0,2,6,0,0,0,0.0,66.67,2,0,0,0,32,0,4,12,0,0,0,4,65,503,1,30,17,0,85.29,74,121,0.0,0,0,0,0,0,0,0,10,0,0,1,0,1,53,1053,92,0,71.62,16,49,102,14,12,71.01,71.33,1,7.16
973847,Sandry,Athletic Club,M,14,0,7,0.0,1,0,0,0,1,0,0,0,0.0,3,3,0,0,0,0.0,60.0,3,0,0,0,33,0,1,9,0,0,0,13,7,588,3,122,53,2,85.2,87,309,33.33,0,0,0,0,0,0,0,11,0,0,2,0,2,2,1053,143,0,40.0,8,43,45,24,13,48.31,47.87,7,7.12
1511706,Alexsandro Amorim,Athletic Club,M,14,1,16,6.25,0,0,2,1,4,0,0,0,0.0,16,6,0,0,1,0.0,53.33,6,0,1,1,27,0,0,11,0,0,0,11,3,424,5,130,28,2,81.6,78,230,13.51,0,0,0,0,0,0,0,10,0,0,6,0,3,4,1045,171,0,23.53,39,82,86,17,13,60.29,56.21,16,7.09
1016673,André Luiz,Volta Redonda,M,14,2,12,16.67,0,1,0,0,2,0,0,0,0.0,2,6,0,2,1,0.0,100.0,4,0,0,0,7,0,0,7,0,0,0,5,24,312,1,55,20,1,82.69,54,137,0.0,0,0,0,0,0,0,0,9,0,0,3,0,1,18,580,61,0,69.23,9,17,35,14,6,44.74,54.69,2,6.91
811310,Matheus Vargas,Paysandu SC,M,14,0,20,0.0,0,0,0,0,7,0,0,0,0.0,22,9,0,0,0,0.0,64.71,4,0,0,0,13,0,0,8,0,0,0,11,9,367,4,92,26,1,79.84,74,183,20.0,0,0,0,0,0,0,0,9,0,0,1,0,4,11,896,137,0,47.83,23,58,69,20,11,49.15,48.94,19,6.91
833435,Diego Zabala,Amazonas FC,M,14,0,17,0.0,1,0,0,2,4,0,0,0,0.0,7,8,0,0,0,0.0,50.0,5,0,0,0,13,0,1,0,0,0,0,6,1,233,6,83,13,3,73.82,61,140,27.78,0,0,0,0,0,0,0,9,0,0,1,0,2,3,703,138,0,27.27,4,23,26,5,8,46.0,42.62,10,6.88
868120,Willian Maranhão,Atlético Goianiense,M,14,1,10,10.0,0,0,0,0,2,0,0,1,0.0,4,6,0,1,0,0.0,80.0,2,0,0,0,19,0,1,14,1,0,0,5,28,373,0,57,17,1,81.23,70,164,0.0,0,0,0,0,0,0,0,9,0,0,1,0,3,21,986,89,0,70.0,9,32,53,20,13,49.23,55.79,8,6.86
880215,Todinho,Vila Nova FC,M,14,1,13,7.69,0,0,0,2,5,0,0,0,0.0,7,7,0,1,1,0.0,43.75,1,0,0,0,10,1,0,4,0,0,0,6,11,229,2,65,4,1,71.18,66,111,12.5,0,0,0,0,0,0,0,5,0,0,4,0,1,22,806,126,0,42.31,17,34,56,9,10,50.0,46.67,11,6.84
937943,Rafael Tavares,Amazonas FC,M,14,0,11,0.0,5,0,1,0,2,0,0,0,0.0,5,5,0,0,0,0.0,55.56,4,0,0,0,7,0,0,4,0,0,0,8,8,286,2,80,14,1,76.92,66,147,29.41,0,0,0,0,0,0,0,6,0,0,2,0,0,8,612,116,0,53.33,24,36,44,6,8,59.02,57.89,7,6.82
1046496,Ian Luccas,Ferroviária,M,14,0,10,0.0,0,0,0,0,2,0,0,0,0.0,9,5,0,0,0,0.0,39.13,3,0,0,0,15,0,0,3,0,0,0,3,11,191,2,40,7,0,68.06,61,69,0.0,0,0,0,0,0,0,0,4,0,0,0,0,0,16,469,106,0,51.61,7,31,47,5,4,47.69,48.96,12,6.71
992024,Rhaldney,Atlético Goianiense,M,13,0,13,0.0,0,0,1,1,4,0,0,0,0.0,19,7,0,0,0,0.0,79.17,2,0,0,0,30,0,4,16,0,0,0,11,8,627,1,186,42,1,89.31,67,350,8.33,0,0,0,0,0,0,0,9,0,0,2,0,3,11,1066,117,0,47.83,14,63,74,20,13,58.33,56.49,10,7.24
1130178,Emerson Ramon,Avaí,M,13,3,17,17.65,0,0,2,1,9,0,0,1,0.0,9,4,0,2,2,0.0,60.0,4,0,1,0,10,0,0,6,0,0,0,3,9,223,2,83,4,0,83.41,37,145,22.22,0,0,0,0,0,0,0,6,0,0,0,0,0,7,680,93,0,43.75,26,45,52,11,7,66.18,61.9,3,7.05
981621,Índio,Operário-PR,M,13,2,14,14.29,0,2,0,1,6,0,0,0,0.0,4,4,0,2,0,0.0,57.14,4,0,0,0,12,0,2,9,0,0,0,1,14,435,0,82,13,0,89.2,47,211,0.0,0,0,0,0,0,0,0,8,0,0,1,0,1,15,673,70,0,60.0,8,24,39,14,7,58.54,59.09,1,6.92
982557,Gabriel Bispo,Botafogo-SP,M,13,0,24,0.0,2,0,0,0,5,0,0,0,0.0,5,13,0,0,0,0.0,41.67,6,0,0,0,26,0,5,12,1,1,0,14,33,459,2,69,11,1,80.17,91,187,25.0,0,0,0,0,0,0,0,13,0,0,2,0,3,43,992,126,0,63.24,9,40,83,24,11,46.51,53.9,4,6.92
840132,Zé Ricardo,Avaí,M,13,0,9,0.0,0,0,0,0,2,0,0,0,0.0,1,5,0,0,0,0.0,33.33,2,0,0,0,24,0,5,12,1,0,0,12,19,590,0,81,34,1,85.42,86,211,0.0,0,0,0,0,0,0,0,9,0,0,3,0,3,17,1091,115,0,53.13,10,34,51,14,13,48.57,50.0,8,6.9
1467723,Fabio Matheus,Novorizontino,M,13,0,9,0.0,0,0,0,0,2,0,0,0,0.0,12,5,0,0,0,0.0,70.59,2,0,0,0,15,1,3,11,1,0,0,10,22,446,1,79,37,1,82.51,78,185,17.65,0,0,0,0,0,0,0,8,0,0,2,0,2,17,891,138,0,62.96,10,37,54,10,10,56.06,58.06,5,6.86
1836909,Tevis,Athletico,M,13,1,7,14.29,0,0,0,1,2,0,0,0,0.0,12,2,0,1,1,0.0,52.17,3,1,0,2,7,0,0,5,0,0,0,3,5,184,3,61,10,1,80.98,35,114,10.0,0,0,0,0,0,0,0,9,0,0,0,0,0,1,511,80,0,50.0,5,24,25,2,4,54.55,54.35,4,6.85
1016874,Juninho,Criciúma,M,13,1,15,6.67,0,1,0,1,8,0,0,0,0.0,10,4,0,1,0,0.0,43.48,3,0,0,0,9,0,1,5,0,0,0,12,1,267,1,79,6,2,83.9,43,146,25.0,0,0,0,0,0,0,0,4,0,0,1,0,1,7,578,92,0,77.78,15,34,41,4,5,45.33,48.81,12,6.82
835259,Jefferson Nem,Botafogo-SP,M,13,1,23,4.35,0,0,3,2,11,0,0,0,0.0,11,6,0,1,1,0.0,44.0,6,0,0,0,12,0,0,0,0,0,0,10,5,300,1,90,12,0,80.0,60,160,4.76,0,0,0,0,0,0,0,11,0,0,4,0,0,11,818,129,0,50.0,15,38,49,10,10,44.19,45.37,15,6.81
1148301,Guilherme Lobo,Criciúma,M,13,0,12,0.0,0,0,2,1,1,0,0,0,0.0,5,8,0,0,0,0.0,62.5,3,0,0,0,19,0,1,8,0,0,0,8,17,356,2,79,19,1,81.74,65,170,0.0,0,0,0,0,0,0,0,7,0,0,1,0,3,10,853,87,0,40.0,13,37,47,10,12,61.67,55.29,2,6.81
989385,Welinton,Athletic Club,M,13,2,10,20.0,0,1,4,2,5,0,0,1,0.0,6,3,0,2,0,0.0,28.57,2,1,0,0,8,0,0,4,1,0,0,4,15,192,3,82,3,0,71.35,55,110,17.86,0,0,0,0,0,0,0,12,0,0,3,0,1,15,795,127,0,55.56,17,30,45,11,9,42.25,45.92,11,6.77
1101061,Leo Naldi,Criciúma,M,13,0,5,0.0,0,0,0,0,1,0,0,0,0.0,1,2,0,0,0,0.0,100.0,2,0,0,0,13,0,1,5,0,0,0,3,11,158,0,32,8,0,73.42,42,65,33.33,0,0,0,0,0,0,0,2,0,0,0,0,1,8,463,58,1,34.78,8,22,30,7,3,61.11,50.85,6,6.72
877571,Jorge Roa Jiménez,Chapecoense,M,13,0,3,0.0,0,0,0,0,1,0,0,0,0.0,2,1,0,0,0,0.0,100.0,1,0,0,0,12,0,0,3,0,0,0,4,16,175,0,21,6,1,85.14,26,61,33.33,0,0,0,0,0,0,0,6,0,0,0,0,1,7,309,31,0,58.33,2,16,23,4,3,64.0,62.16,1,6.71
1645786,Calebe Costa,Cuiabá,M,13,0,4,0.0,0,0,0,0,2,0,0,0,0.0,2,1,0,0,0,0.0,40.0,1,0,0,0,11,0,1,10,0,0,0,4,27,243,0,30,14,0,84.36,38,87,33.33,0,0,0,0,0,0,0,5,0,0,1,0,3,8,555,52,0,61.54,5,18,26,6,5,48.65,52.0,6,6.71
870764,Robinho,Botafogo-SP,M,13,0,8,0.0,1,0,1,0,3,0,0,0,0.0,10,2,0,0,0,0.0,41.67,3,0,0,0,8,0,0,1,0,0,0,7,4,151,3,39,2,0,73.51,40,87,26.0,0,0,0,0,0,0,0,5,0,0,2,0,0,1,571,130,0,16.67,15,33,34,6,6,42.86,40.96,17,6.66
871172,Geovane,Coritiba,M,13,0,4,0.0,0,0,0,0,1,0,0,0,0.0,1,1,0,0,0,0.0,50.0,2,0,0,0,4,0,0,5,1,0,0,1,10,136,0,22,2,0,89.71,14,78,0.0,0,0,0,0,0,0,0,2,0,0,1,0,1,2,285,21,0,25.0,0,5,7,8,1,29.41,28.0,2,6.64
870920,Rafael Gava,Goiás,M,12,1,8,12.5,2,1,1,0,2,0,0,0,0.0,2,2,0,1,0,0.0,66.67,4,0,0,0,13,0,2,2,0,0,0,10,5,435,4,149,32,4,85.06,65,268,19.51,0,0,0,0,0,0,0,6,0,0,1,0,0,9,826,151,0,75.0,10,25,34,10,10,49.02,53.97,5,7.23
1515290,Andrey,Avaí,M,12,1,8,12.5,1,0,4,0,4,0,1,1,0.0,1,2,0,0,0,100.0,20.0,2,0,1,0,23,0,4,12,0,0,0,12,37,339,2,81,11,1,73.45,90,155,26.0,0,0,0,0,0,0,0,11,0,0,1,0,0,12,980,180,0,48.0,5,29,41,4,10,53.7,51.9,5,7.08
162579,Gonzalo Freitas,Goiás,M,12,0,15,0.0,0,0,0,0,2,0,0,0,0.0,1,12,0,0,0,0.0,100.0,1,0,0,0,13,0,2,11,0,0,0,5,25,257,1,38,16,0,82.1,46,105,50.0,0,0,0,0,0,0,0,3,0,0,1,0,4,28,690,57,0,65.12,3,17,45,14,6,48.57,57.69,0,7.02
928137,Everton Morelli,Criciúma,M,12,1,12,8.33,0,0,1,0,2,0,0,0,0.0,1,9,0,0,1,0.0,25.0,1,0,1,1,17,0,1,7,0,0,0,4,12,300,0,68,9,1,82.67,52,159,85.71,0,0,0,0,0,0,0,7,0,0,1,0,5,12,787,87,0,60.0,24,42,54,17,9,54.55,55.67,11,7.0
90862,Giuliano,Athletico,M,12,3,17,17.65,0,1,0,3,10,2,0,0,100.0,4,6,2,3,2,0.0,40.0,1,0,0,0,4,0,0,6,0,0,0,6,5,358,2,88,8,0,85.75,51,195,55.56,0,0,0,0,0,0,0,7,0,0,0,0,1,5,620,82,0,71.43,5,13,18,3,7,40.63,46.15,4,6.99
2120751,Luan Martins Gonçalves,Remo,M,12,1,10,10.0,1,1,0,1,3,0,0,0,0.0,4,5,0,1,0,0.0,57.14,2,0,0,0,17,0,1,7,2,0,0,3,30,487,1,71,38,0,87.27,62,206,28.57,0,0,0,0,0,0,0,7,0,0,1,0,6,24,827,82,0,68.57,12,33,57,22,9,50.77,57.0,5,6.99
796925,Allano,Operário-PR,M,12,1,18,5.56,0,0,2,3,5,0,0,1,0.0,9,8,0,1,0,0.0,39.13,5,0,0,0,16,0,0,7,0,0,0,18,6,289,1,77,6,2,75.43,71,132,0.0,0,0,0,0,0,0,0,6,0,0,0,0,2,18,810,138,0,69.23,35,59,77,20,12,47.97,51.68,14,6.91
885854,Luizão,Atlético Goianiense,M,12,1,7,14.29,0,0,0,1,2,0,0,0,0.0,3,3,0,1,1,0.0,60.0,2,0,0,1,15,0,3,7,0,0,0,3,21,295,0,49,26,0,81.02,56,128,20.0,0,0,0,0,0,0,0,7,0,0,1,0,2,7,716,70,0,63.64,13,31,38,17,8,54.39,55.88,4,6.89
1485226,João Cruz,Athletico,M,12,0,16,0.0,3,0,0,1,7,0,0,0,0.0,4,6,0,0,0,0.0,44.44,3,0,0,0,10,0,0,5,0,0,0,6,5,213,3,59,7,1,83.1,36,125,26.67,0,0,0,0,0,0,0,9,0,0,0,0,2,2,435,91,0,33.33,7,21,23,10,3,45.65,44.23,4,6.88
979868,Patrick De Lucca,Cuiabá,M,12,1,5,20.0,0,1,0,1,2,0,0,0,0.0,2,1,0,1,0,0.0,50.0,2,0,0,0,10,0,3,9,0,0,0,13,5,384,0,82,16,1,85.94,54,177,66.67,0,0,0,0,0,0,0,7,0,0,2,0,2,9,721,67,0,50.0,8,19,28,4,7,47.5,48.28,2,6.82
871013,Leandro Vilela,Paysandu SC,M,12,2,15,13.33,0,0,0,1,5,0,0,0,0.0,5,6,0,2,2,0.0,50.0,4,0,0,0,21,0,4,11,0,1,0,8,28,281,1,47,19,0,73.31,75,89,0.0,0,0,0,0,0,0,0,8,0,0,3,0,9,9,1006,100,1,40.91,11,37,46,28,12,46.84,45.54,2,6.8
865400,Igor Henrique,Vila Nova FC,M,12,1,6,16.67,0,0,1,0,3,0,0,0,0.0,13,2,0,0,1,0.0,72.22,1,0,1,1,11,0,1,4,1,0,0,9,10,273,0,71,17,0,80.59,53,122,28.57,0,0,0,0,0,0,0,3,0,0,2,0,2,19,729,99,1,51.35,32,56,75,21,11,57.73,55.97,7,6.79
870760,Raul,Athletico,M,12,0,4,0.0,1,0,0,0,0,0,0,0,0.0,5,4,0,0,0,0.0,62.5,0,0,0,0,16,0,1,12,1,0,0,12,17,456,0,63,19,0,83.99,73,192,0.0,0,0,0,0,0,0,0,16,0,0,1,0,1,10,867,95,0,52.63,14,35,45,13,9,52.24,52.33,5,6.76
990160,Vinicius Paiva,Vila Nova FC,M,12,0,5,0.0,0,0,0,0,0,0,0,0,0.0,10,4,0,0,0,0.0,58.82,1,0,0,0,6,0,0,3,0,0,0,1,2,107,0,39,1,0,80.37,21,72,45.45,0,0,0,0,0,0,0,3,0,0,0,0,1,4,347,45,0,80.0,13,29,33,4,2,69.05,70.21,1,6.73
1467756,Gaspar,Avaí,M,12,1,10,10.0,0,0,4,2,2,0,0,0,0.0,2,6,0,1,1,0.0,22.22,2,0,0,0,3,0,0,2,0,0,0,1,2,45,0,20,2,0,71.11,13,25,0.0,0,0,0,0,0,0,0,1,0,0,0,0,1,4,209,40,0,36.36,7,12,16,7,0,42.86,41.03,2,6.62
243425,Rossi,Paysandu SC,M,11,1,16,6.25,6,0,0,1,7,0,0,0,0.0,4,5,0,1,1,0.0,30.77,4,0,0,2,10,0,2,4,0,0,0,1,7,285,3,86,16,2,65.96,97,161,33.33,0,0,0,0,0,0,0,10,0,0,2,0,3,9,856,194,0,32.14,24,38,47,9,11,59.38,51.09,9,7.35
1105842,Marcos Vinicius,Volta Redonda,M,11,3,30,10.0,2,0,6,2,9,0,0,0,0.0,13,11,0,2,3,0.0,50.0,10,0,1,0,9,0,1,3,0,0,0,8,1,194,1,76,8,1,86.6,26,140,26.67,0,0,0,0,0,0,0,11,0,0,3,0,3,2,855,108,0,15.38,31,52,54,18,10,54.17,49.54,7,7.15
924404,Caio Vinícius,Remo,M,11,0,5,0.0,0,0,0,1,1,0,0,0,0.0,2,4,0,0,0,0.0,28.57,0,0,0,1,24,1,3,18,0,1,0,7,33,351,1,35,12,1,82.91,60,132,100.0,0,0,0,0,0,0,0,5,0,0,1,0,1,14,849,83,0,48.28,17,42,56,18,11,58.33,55.45,3,7.06
922580,Arilson,Vila Nova FC,M,11,1,5,20.0,0,1,0,1,2,0,0,0,0.0,3,3,0,1,0,0.0,33.33,0,0,0,0,16,0,2,10,0,0,0,5,18,273,0,46,15,0,78.75,58,116,33.33,0,0,0,0,0,0,0,4,0,0,2,0,2,12,578,80,0,60.0,5,24,36,15,6,44.44,48.65,4,6.85
1111139,Vini Paulista,Coritiba,M,11,1,7,14.29,0,0,0,0,3,0,0,0,0.0,1,1,0,1,1,0.0,16.67,3,0,0,0,19,0,1,5,0,0,0,3,6,119,0,38,1,0,89.92,12,67,0.0,0,0,0,0,0,0,0,1,0,0,1,0,1,1,449,32,0,50.0,7,27,28,8,4,58.7,58.33,3,6.8
1116646,André,Paysandu SC,M,11,0,7,0.0,0,0,0,0,2,0,0,0,0.0,5,2,0,0,0,0.0,62.5,3,0,0,0,18,0,0,6,0,0,0,8,15,264,0,51,13,1,79.55,54,119,0.0,0,0,0,0,0,0,0,10,0,0,1,0,4,5,592,71,0,55.56,12,35,40,8,6,60.34,59.7,4,6.76
1104608,Alason Carioca,Athletic Club,M,11,0,6,0.0,0,0,1,0,3,0,0,0,0.0,4,2,0,0,0,0.0,50.0,1,0,0,0,6,0,0,1,0,0,0,3,0,75,0,32,2,0,89.33,8,52,0.0,0,0,0,0,0,0,0,3,0,0,1,0,0,3,287,34,0,23.08,11,21,24,14,1,43.75,39.34,7,6.72
981612,Diego Fumaça,Athletic Club,M,11,0,6,0.0,0,0,0,0,3,0,0,0,0.0,3,1,0,0,0,0.0,60.0,2,0,0,0,14,1,1,10,0,0,0,11,18,440,0,69,30,0,83.86,71,175,0.0,0,0,0,0,0,0,0,13,0,0,5,0,6,3,756,84,0,30.0,11,28,31,15,8,46.67,44.29,4,6.71
890060,Ezequiel,Athletic Club,M,11,1,6,16.67,0,0,1,0,2,0,0,0,0.0,4,2,0,1,1,0.0,40.0,2,0,0,0,8,0,0,3,0,0,0,7,2,115,1,36,1,1,78.26,25,66,25.0,0,0,0,0,0,0,0,3,0,0,0,0,0,0,339,58,0,0.0,6,18,18,8,4,40.91,40.91,8,6.7
1176159,Vitinho,Volta Redonda,M,11,0,12,0.0,0,0,2,1,1,0,0,0,0.0,8,8,0,0,0,0.0,50.0,3,0,0,0,7,0,0,6,0,0,0,4,3,206,2,61,6,0,78.64,44,115,0.0,0,0,0,0,0,0,0,5,0,0,1,0,0,3,590,96,0,50.0,8,23,26,5,8,46.0,46.43,10,6.67
974318,Fernando Martinez,Athletic Club,M,11,0,3,0.0,0,0,0,0,1,0,0,0,0.0,1,1,0,0,0,0.0,100.0,1,0,0,0,10,0,0,7,0,1,0,5,14,181,0,29,23,0,84.53,28,66,0.0,0,0,0,0,0,0,0,5,0,0,0,0,2,9,476,49,1,47.37,7,18,27,8,4,54.55,51.92,2,6.63
1047213,Railan,Avaí,M,11,1,5,20.0,1,0,0,0,2,0,1,0,0.0,5,2,0,0,1,100.0,62.5,1,0,1,0,3,0,1,7,0,0,0,5,10,193,0,37,15,1,83.42,32,89,9.09,0,0,0,0,0,0,0,3,0,0,0,0,0,4,321,67,1,50.0,7,15,19,9,2,41.67,43.18,4,6.6
84847,Fransérgio,Operário-PR,M,11,0,5,0.0,1,0,1,0,0,0,0,0,0.0,2,4,0,0,0,0.0,28.57,1,0,0,0,12,1,1,6,0,1,0,9,25,335,0,43,15,0,80.9,64,130,0.0,0,0,0,0,0,0,0,10,0,0,1,0,4,16,664,79,1,53.33,6,20,36,16,7,38.46,43.9,2,6.6
874853,Ramón Martínez,Paysandu SC,M,11,0,0,0.0,0,0,0,0,0,0,0,0,0.0,2,0,0,0,0,0.0,100.0,0,0,0,0,8,0,1,0,0,0,0,1,17,222,0,12,11,0,80.63,43,72,0.0,0,0,0,0,0,0,0,6,0,0,0,0,0,6,476,52,0,50.0,1,11,17,7,6,52.38,51.52,2,6.57
1485486,Kauã Diniz,América Mineiro,M,11,0,8,0.0,1,0,0,0,1,0,0,0,0.0,1,1,0,0,0,0.0,25.0,6,0,0,0,9,0,0,7,2,0,0,8,5,198,1,45,11,0,83.33,33,95,36.36,0,0,0,0,0,0,0,6,0,0,1,0,1,3,410,57,2,33.33,5,15,18,21,3,28.85,29.51,5,6.52
243231,Jean Mota,Vila Nova FC,M,10,1,20,5.0,3,0,1,0,2,1,0,1,100.0,2,8,1,1,0,0.0,22.22,10,1,0,1,13,0,1,6,0,0,0,10,5,348,2,64,25,1,77.3,79,161,35.94,0,0,0,0,0,0,0,5,0,0,4,0,0,8,807,148,0,53.33,13,28,36,14,10,43.75,45.57,6,7.14
599688,Barreto,Avaí,M,10,2,6,33.33,0,0,0,3,4,0,0,0,0.0,6,2,0,2,2,0.0,50.0,0,0,0,0,8,0,0,6,0,0,0,2,7,186,1,31,6,1,87.1,24,87,0.0,0,0,0,0,0,0,0,7,0,0,0,0,1,14,625,51,0,46.67,8,22,36,9,7,48.89,48.0,6,6.9
873115,Bruno Barra,Volta Redonda,M,10,0,5,0.0,0,0,0,0,1,0,0,0,0.0,2,2,0,0,0,0.0,66.67,2,0,0,0,6,1,1,15,0,0,0,4,37,499,0,39,37,0,87.78,61,145,33.33,0,0,0,0,0,0,0,10,0,0,1,0,1,12,751,74,0,54.55,6,14,26,11,8,48.28,50.98,1,6.9
892126,Patrick,Volta Redonda,M,10,0,15,0.0,0,0,1,1,2,0,0,0,0.0,13,6,0,0,0,0.0,61.9,7,0,0,0,12,1,0,1,0,0,0,3,2,162,1,50,2,1,78.4,35,101,33.33,0,0,0,0,0,0,0,3,0,0,3,0,1,3,455,75,1,30.0,20,44,47,5,5,66.67,61.84,6,6.89
869639,Jaderson,Remo,M,10,0,5,0.0,0,0,0,0,2,0,0,0,0.0,8,2,0,0,0,0.0,80.0,1,0,0,0,6,0,2,3,0,0,0,3,9,271,0,68,16,0,84.87,41,131,0.0,0,0,0,0,0,0,0,6,0,0,1,0,0,5,717,73,0,33.33,17,31,36,2,9,67.39,59.02,8,6.89
1201986,Marcelinho,Paysandu SC,M,10,1,15,6.67,2,0,1,0,4,0,0,1,0.0,0,6,0,1,0,0.0,0.0,5,0,0,0,4,0,0,2,0,0,0,2,3,89,0,23,1,0,71.91,25,54,30.77,0,0,0,0,0,0,0,1,0,0,0,0,0,1,285,65,0,8.33,10,14,15,3,1,50.0,37.5,3,6.84
879595,Marcinho,Chapecoense,M,10,0,5,0.0,0,0,0,0,1,0,0,0,0.0,2,1,0,0,0,0.0,66.67,3,0,0,0,5,0,0,1,0,0,0,1,2,110,1,36,9,1,86.36,15,63,30.77,0,0,0,0,0,0,0,3,0,0,0,0,1,0,221,30,0,0.0,9,16,16,6,1,64.0,61.54,1,6.82
988852,Zé Gabriel,Criciúma,M,10,0,5,0.0,0,0,0,0,1,0,0,0,0.0,2,3,0,0,0,0.0,40.0,1,0,0,0,10,0,0,7,0,0,0,5,29,398,0,46,31,0,90.2,39,144,0.0,0,0,0,0,0,0,0,8,0,0,1,0,2,12,679,50,0,48.0,4,16,28,9,9,45.71,46.67,2,6.82
335365,Régis,Remo,M,10,1,6,16.67,0,0,0,1,2,0,0,1,0.0,5,1,0,1,0,0.0,50.0,3,0,0,0,4,0,0,1,0,0,0,2,0,129,1,55,5,2,80.62,25,89,20.0,0,0,0,0,0,0,0,4,0,0,0,0,1,0,298,47,1,0.0,4,13,13,1,0,50.0,44.83,5,6.81
924251,Waguininho,Novorizontino,M,10,0,9,0.0,0,0,3,3,3,0,0,0,0.0,3,4,0,0,0,0.0,33.33,2,0,0,0,11,0,1,5,0,0,0,9,20,175,1,64,9,1,80.0,35,107,20.0,0,0,0,0,0,0,0,3,0,0,0,0,1,16,658,87,1,34.04,11,25,41,12,6,43.1,39.05,8,6.79
243239,Willian Farias,Novorizontino,M,10,0,2,0.0,0,0,0,0,0,0,0,0,0.0,0,1,0,0,0,0.0,0.0,1,0,0,0,7,0,1,11,0,0,0,3,4,193,0,22,8,0,87.05,25,67,0.0,0,0,0,0,0,0,0,5,0,0,0,0,0,9,408,34,0,69.23,5,12,21,5,4,52.17,58.33,2,6.76
810691,Kevin,Ferroviária,M,10,0,2,0.0,0,0,1,1,1,0,0,0,0.0,1,0,0,0,0,0.0,20.0,1,0,0,0,7,0,1,2,0,0,0,0,17,166,0,34,5,0,74.7,42,66,33.33,0,0,0,0,0,0,0,4,0,0,2,0,0,4,332,83,0,57.14,2,10,14,0,2,58.82,58.33,3,6.73
875275,Facundo Labandeira,América Mineiro,M,10,2,8,25.0,0,0,3,2,3,0,0,1,0.0,5,1,0,2,1,0.0,41.67,4,0,0,0,18,0,0,7,0,0,0,9,3,145,0,40,0,0,66.21,49,71,17.65,0,0,0,0,0,0,0,6,0,0,2,0,2,8,593,99,0,50.0,6,29,37,14,9,44.62,45.68,7,6.73
981440,Gabriel Santos Silva,Vila Nova FC,M,10,0,13,0.0,0,0,2,1,5,0,0,0,0.0,9,4,0,0,0,0.0,45.0,4,0,0,1,10,0,0,3,0,0,0,3,4,116,1,25,4,0,82.76,20,63,11.11,0,0,0,0,0,0,0,4,0,0,0,0,0,6,415,61,0,35.29,8,27,33,4,4,55.1,50.0,4,6.72
1125086,Yago Santos,América Mineiro,M,10,0,1,0.0,0,0,0,0,0,0,0,0,0.0,1,0,0,0,0,0.0,100.0,1,0,0,0,5,0,0,1,0,0,0,1,1,75,0,20,6,0,85.33,11,47,100.0,0,0,0,0,0,0,0,3,0,0,0,0,1,2,158,14,0,33.33,2,8,10,2,1,72.73,58.82,0,6.64
1086925,Alejo Cruz,Atlético Goianiense,M,9,0,11,0.0,1,0,0,1,4,0,0,0,0.0,4,2,0,0,0,0.0,44.44,5,0,0,0,5,0,1,4,0,0,0,3,4,170,0,66,4,0,81.76,31,124,35.0,0,0,0,0,0,0,0,3,0,0,0,0,2,3,404,75,0,33.33,9,18,21,4,3,62.07,55.26,1,7.0
979343,Falcão,Athletico,M,9,0,5,0.0,0,0,0,0,1,0,0,0,0.0,2,3,0,0,0,0.0,100.0,1,0,0,0,18,0,1,7,0,0,0,5,12,277,0,24,8,0,88.45,32,104,50.0,0,0,0,0,0,0,0,9,0,0,0,0,1,8,560,40,0,44.44,11,31,39,9,7,65.96,60.0,2,6.95
830671,Joaquín Torres,Amazonas FC,M,9,1,12,8.33,0,0,2,0,2,0,0,1,0.0,15,5,0,1,0,0.0,51.72,5,0,0,0,3,0,1,3,0,0,0,3,4,158,2,50,8,1,77.85,35,96,11.76,0,0,0,0,0,0,0,8,0,0,0,0,1,0,522,115,0,0.0,13,31,31,3,4,50.0,49.21,11,6.88
1507250,Lucas Kallyel,CRB,M,9,0,10,0.0,1,0,0,0,2,0,0,0,0.0,2,4,0,0,0,0.0,66.67,4,0,0,0,3,1,0,5,0,0,0,1,5,194,2,40,12,1,87.63,24,91,37.5,0,0,0,0,0,0,0,3,0,0,1,0,2,1,378,36,0,16.67,2,7,8,7,4,36.84,32.0,3,6.83
780440,Bruno Ramires,Amazonas FC,M,9,0,3,0.0,0,0,0,0,1,0,0,0,0.0,0,2,0,0,0,0.0,0.0,0,0,0,0,10,0,2,3,0,0,0,0,49,365,0,33,24,0,86.3,50,103,0.0,0,0,0,0,0,0,0,8,0,0,0,0,1,17,672,57,0,60.71,0,10,27,7,7,55.56,58.7,1,6.83
1017879,Thayllon,Ferroviária,M,9,2,10,20.0,0,0,2,1,3,0,0,1,0.0,4,6,0,2,1,0.0,28.57,1,0,0,1,6,0,0,6,0,0,0,9,5,111,1,25,3,1,73.87,29,49,40.0,0,0,0,0,0,0,0,9,0,0,1,0,1,2,471,61,0,18.18,8,18,20,7,6,36.73,33.33,6,6.8
1019462,Robertinho,Amazonas FC,M,9,1,6,16.67,0,0,0,0,1,0,0,0,0.0,2,4,0,0,1,0.0,100.0,1,0,1,0,8,0,1,0,0,0,0,3,18,198,1,33,7,0,89.9,20,82,0.0,0,0,0,0,0,0,0,8,0,0,1,0,2,4,495,36,0,44.44,5,15,19,6,5,55.56,52.78,3,6.74
155715,Martín Benítez,Goiás,M,9,0,2,0.0,0,0,0,0,1,0,0,0,0.0,0,0,0,0,0,0.0,0.0,1,0,0,0,6,0,0,0,0,0,0,2,0,145,2,58,15,0,74.48,37,98,30.0,0,0,0,0,0,0,0,3,0,0,1,0,2,1,279,69,0,25.0,7,13,14,2,1,52.0,48.28,5,6.73
1836052,Vitinho,Goiás,M,9,1,8,12.5,0,0,0,1,5,0,0,0,0.0,5,1,0,0,1,0.0,83.33,2,0,1,0,7,0,0,0,0,0,0,5,5,103,0,33,2,1,72.82,28,53,25.0,0,0,0,0,0,0,0,4,0,0,1,0,0,0,346,55,0,0.0,3,15,15,3,4,45.45,44.12,9,6.72
1174558,Dentinho,Chapecoense,M,9,0,8,0.0,0,0,1,0,2,0,0,0,0.0,11,3,0,0,0,0.0,57.89,3,0,0,0,5,0,0,1,0,0,0,1,2,68,2,22,6,1,82.35,12,42,12.5,0,0,0,0,0,0,0,5,0,0,0,0,1,0,252,46,0,0.0,1,17,17,3,2,48.57,41.46,7,6.7
871205,Vinicius Barata,CRB,M,9,0,5,0.0,0,0,0,0,1,0,0,0,0.0,4,3,0,0,0,0.0,44.44,1,0,0,0,6,0,0,1,0,0,0,1,1,128,2,50,1,0,84.38,20,85,15.38,0,0,0,0,0,0,0,3,0,0,1,0,1,3,248,55,0,37.5,2,12,15,3,1,48.0,45.45,5,6.68
1067634,Fernando Henrique,CRB,M,9,0,2,0.0,0,0,0,0,0,0,0,0,0.0,0,1,0,0,0,0.0,0.0,1,0,0,0,10,0,1,4,0,0,0,2,5,139,0,15,5,0,87.05,18,48,0.0,0,0,0,0,0,0,0,2,0,0,1,0,2,3,326,25,0,33.33,0,10,13,8,4,50.0,44.83,0,6.66
874723,Shaylon,Atlético Goianiense,M,9,0,5,0.0,0,0,0,1,0,0,0,0,0.0,3,2,0,0,0,0.0,75.0,3,0,0,0,1,0,0,1,0,0,0,3,5,134,0,49,6,0,76.87,31,78,11.11,0,0,0,0,0,0,0,2,0,0,1,0,0,1,341,60,0,14.29,3,7,8,5,4,36.84,30.77,3,6.62
1139528,Lucas Cardoso,Cuiabá,M,9,0,8,0.0,0,0,1,0,0,0,0,0,0.0,9,1,0,0,0,0.0,52.94,7,0,0,0,4,0,0,3,0,0,0,1,6,83,0,29,1,0,73.49,22,46,37.5,0,0,0,0,0,0,0,5,0,0,0,0,0,2,297,50,0,18.18,2,15,17,9,4,42.86,36.96,2,6.61
1633878,David,Cuiabá,M,9,1,1,100.0,0,0,1,0,1,0,0,0,0.0,2,0,0,1,1,0.0,28.57,0,0,0,0,6,0,0,2,0,0,0,4,2,86,0,22,6,0,69.77,26,44,66.67,0,0,0,0,0,0,0,6,0,0,0,0,3,10,272,40,0,55.56,4,12,22,6,2,42.86,47.83,1,6.59
1464519,Isaac,Athletico,M,9,0,6,0.0,0,0,0,1,1,0,0,0,0.0,12,3,0,0,0,0.0,48.0,2,0,0,0,9,0,1,4,0,0,0,3,1,68,1,16,1,0,69.12,21,31,30.0,0,0,0,0,0,0,0,5,0,0,0,0,1,0,309,77,1,0.0,13,34,34,13,3,45.33,39.53,12,6.58
